ID;Estado_Civil;Genero;Ingreso;Hijos;Educacion;Ocupacion;Propietario_Casa;Autos;Distancia_Viajes;Region;Edad;Compra_Bicicleta
11000;Casado;Masculino;900;2;Bachiller;Profesional;Si;0;1-2 Miles;Pacifico;40;Si
11047;Casado;Femenino;300;3;Maestro;Especialista;No;2;1-2 Miles;Pacifico;56;Si
11061;Casado;Masculino;800;2;Uni_Imcompleta;Especialista;Si;2;5-10 Miles;Pacifico;52;Si
11090;Soltero;Masculino;900;2;Uni_Imcompleta;Profesional;Si;1;2-5 Miles;USA;48;Si
11116;Casado;Masculino;700;5;Uni_Imcompleta;Especialista;Si;2;5-10 Miles;Pacifico;43;No
11139;Soltero;Femenino;300;2;Uni_Imcompleta;Cientifico;No;2;5-10 Miles;Pacifico;67;No
11143;Casado;Masculino;400;0;Maestro;Especialista;Si;2;5-10 Miles;USA;29;No
11147;Casado;Masculino;600;2;Graduado;Administrador;Si;1;0-1 Miles;Pacifico;67;Si
11149;Casado;Masculino;400;2;Bachiller;Administrador;Si;2;0-1 Miles;Pacifico;65;No
11165;Casado;Femenino;600;0;Uni_Imcompleta;Especialista;No;1;1-2 Miles;USA;33;No
11199;Casado;Femenino;700;4;Bachiller;Administrador;Si;1;10+ Miles;USA;59;No
11200;Casado;Masculino;700;4;Bachiller;Administrador;Si;1;1-2 Miles;USA;58;No
11219;Casado;Masculino;600;2;Maestro;Profesional;Si;2;10+ Miles;USA;55;No
11225;Casado;Femenino;600;2;Uni_Imcompleta;Profesional;Si;1;10+ Miles;USA;55;No
11233;Casado;Masculino;700;4;Uni_Imcompleta;Profesional;Si;2;10+ Miles;USA;53;No
11249;Casado;Femenino;1300;3;Uni_Imcompleta;Profesional;Si;3;0-1 Miles;Europa;51;Si
11255;Casado;Masculino;700;4;Graduado;Administrador;Si;2;5-10 Miles;USA;73;No
11259;Casado;Femenino;1000;4;Uni_Imcompleta;Profesional;Si;4;2-5 Miles;USA;41;Si
11262;Casado;Femenino;800;4;Bachiller;Administrador;Si;0;0-1 Miles;USA;42;No
11269;Casado;Masculino;1300;2;Graduado;Administrador;Si;2;0-1 Miles;USA;41;No
11270;Casado;Masculino;1300;2;Graduado;Administrador;Si;3;0-1 Miles;USA;42;Si
11275;Casado;Femenino;800;4;Graduado;Administrador;Si;2;0-1 Miles;USA;72;Si
11287;Casado;Masculino;700;5;Uni_Imcompleta;Profesional;No;3;5-10 Miles;USA;45;No
11292;Soltero;Masculino;1500;1;Uni_Imcompleta;Profesional;No;3;0-1 Miles;USA;44;Si
11303;Soltero;Femenino;900;4;Maestro;Profesional;No;3;1-2 Miles;USA;45;Si
11340;Casado;Femenino;100;1;Graduado;Cientifico;Si;0;0-1 Miles;Europa;70;Si
11378;Soltero;Femenino;100;1;Maestro;Analista;No;1;2-5 Miles;Europa;46;Si
11381;Casado;Femenino;200;2;Uni_Imcompleta;Analista;Si;1;2-5 Miles;Europa;47;Si
11383;Casado;Femenino;300;3;Graduado;Cientifico;Si;0;0-1 Miles;Europa;46;No
11386;Casado;Femenino;300;3;Bachiller;Cientifico;Si;0;0-1 Miles;Europa;45;No
11415;Soltero;Masculino;900;5;Uni_Imcompleta;Profesional;No;2;10+ Miles;Europa;62;No
11434;Casado;Masculino;1700;5;Uni_Imcompleta;Profesional;Si;4;0-1 Miles;Europa;55;No
11451;Soltero;Masculino;700;0;Bachiller;Profesional;No;4;10+ Miles;Pacifico;31;Si
11453;Soltero;Masculino;800;0;Bachiller;Profesional;No;3;10+ Miles;Pacifico;33;Si
11489;Soltero;Femenino;200;0;Maes_Incompleta;Analista;No;2;1-2 Miles;Europa;35;Si
11538;Soltero;Femenino;600;4;Graduado;Especialista;No;0;0-1 Miles;USA;47;Si
11540;Soltero;Masculino;600;4;Graduado;Especialista;Si;0;1-2 Miles;USA;47;Si
11555;Casado;Femenino;400;1;Bachiller;Cientifico;Si;0;0-1 Miles;Europa;80;No
11576;Casado;Masculino;300;1;Bachiller;Especialista;Si;2;0-1 Miles;Europa;41;Si
11585;Casado;Femenino;400;1;Bachiller;Especialista;Si;0;0-1 Miles;Europa;41;No
11619;Soltero;Femenino;500;0;Graduado;Especialista;Si;0;1-2 Miles;USA;33;No
11622;Casado;Masculino;500;0;Graduado;Especialista;Si;0;0-1 Miles;USA;32;No
11641;Casado;Masculino;500;1;Bachiller;Especialista;Si;0;0-1 Miles;USA;36;No
11644;Soltero;Masculino;400;2;Bachiller;Especialista;Si;0;2-5 Miles;USA;36;No
11663;Casado;Masculino;700;4;Graduado;Profesional;Si;0;0-1 Miles;USA;36;Si
11669;Soltero;Femenino;700;2;Bachiller;Especialista;Si;1;2-5 Miles;USA;38;No
11699;Soltero;Masculino;600;4;Bachiller;Especialista;No;2;0-1 Miles;USA;43;No
11734;Casado;Masculino;600;1;Uni_Imcompleta;Especialista;No;1;0-1 Miles;USA;47;No
11738;Casado;Masculino;600;4;Bachiller;Profesional;Si;0;2-5 Miles;USA;46;No
11745;Casado;Femenino;600;1;Bachiller;Profesional;Si;1;0-1 Miles;USA;47;Si
11783;Casado;Femenino;600;1;Graduado;Especialista;Si;0;0-1 Miles;USA;34;No
11788;Soltero;Femenino;700;1;Graduado;Profesional;Si;0;2-5 Miles;USA;34;No
11801;Casado;Masculino;600;1;Graduado;Profesional;Si;0;2-5 Miles;USA;36;No
11807;Casado;Masculino;700;3;Graduado;Profesional;Si;0;2-5 Miles;USA;34;No
11809;Casado;Masculino;600;2;Bachiller;Especialista;Si;0;0-1 Miles;USA;38;Si
11817;Soltero;Femenino;700;4;Graduado;Profesional;Si;0;2-5 Miles;USA;35;Si
11823;Casado;Femenino;700;0;Graduado;Profesional;Si;0;2-5 Miles;USA;39;No
11886;Casado;Femenino;600;3;Bachiller;Profesional;Si;1;0-1 Miles;USA;48;Si
11890;Casado;Femenino;700;5;Graduado;Profesional;Si;1;0-1 Miles;USA;47;No
11896;Casado;Masculino;1000;1;Graduado;Administrador;Si;0;2-5 Miles;Pacifico;36;Si
11897;Soltero;Masculino;600;2;Bachiller;Profesional;No;1;0-1 Miles;Pacifico;37;Si
11935;Soltero;Femenino;300;0;Uni_Imcompleta;Especialista;Si;1;5-10 Miles;USA;28;No
11941;Soltero;Masculino;600;0;Uni_Imcompleta;Especialista;Si;2;5-10 Miles;USA;29;No
12029;Casado;Masculino;300;0;Maes_Incompleta;Cientifico;No;2;0-1 Miles;USA;28;No
12033;Soltero;Femenino;400;0;Maestro;Especialista;No;2;0-1 Miles;USA;27;Si
12056;Casado;Masculino;1200;2;Graduado;Administrador;Si;3;5-10 Miles;USA;64;No
12100;Soltero;Masculino;600;2;Bachiller;Administrador;Si;0;10+ Miles;USA;57;No
12121;Soltero;Masculino;600;3;Maestro;Profesional;Si;2;10+ Miles;USA;53;Si
12133;Casado;Femenino;1300;3;Uni_Imcompleta;Profesional;Si;3;5-10 Miles;Europa;50;Si
12153;Soltero;Femenino;700;3;Uni_Imcompleta;Profesional;Si;1;5-10 Miles;USA;49;Si
12192;Soltero;Femenino;600;2;Maes_Incompleta;Especialista;No;2;1-2 Miles;USA;51;No
12195;Soltero;Femenino;700;3;Graduado;Administrador;Si;2;1-2 Miles;USA;52;No
12205;Soltero;Femenino;1300;2;Bachiller;Administrador;No;4;0-1 Miles;USA;67;No
12207;Soltero;Masculino;800;4;Bachiller;Administrador;Si;2;5-10 Miles;USA;66;Si
12212;Casado;Femenino;100;0;Graduado;Analista;Si;0;0-1 Miles;Europa;37;Si
12231;Soltero;Femenino;100;2;Uni_Imcompleta;Analista;Si;0;0-1 Miles;Europa;51;Si
12234;Casado;Masculino;100;2;Uni_Imcompleta;Analista;Si;1;2-5 Miles;Europa;52;No
12236;Casado;Femenino;200;1;Uni_Imcompleta;Analista;Si;0;0-1 Miles;Europa;65;No
12253;Soltero;Femenino;200;0;Uni_Imcompleta;Analista;Si;0;0-1 Miles;Pacifico;29;Si
12273;Casado;Masculino;300;1;Bachiller;Cientifico;Si;0;0-1 Miles;Europa;47;No
12274;Soltero;Masculino;100;2;Maestro;Analista;Si;0;0-1 Miles;Europa;35;No
12284;Casado;Femenino;300;0;Bachiller;Cientifico;No;0;0-1 Miles;Europa;36;Si
12291;Soltero;Masculino;900;5;Uni_Imcompleta;Profesional;No;2;2-5 Miles;Europa;62;Si
12332;Casado;Masculino;900;4;Maestro;Administrador;Si;3;5-10 Miles;Europa;58;Si
12344;Soltero;Femenino;800;0;Bachiller;Profesional;No;3;10+ Miles;Pacifico;31;No
12389;Soltero;Masculino;300;0;Maestro;Analista;No;1;2-5 Miles;Europa;34;No
12452;Casado;Masculino;600;4;Graduado;Especialista;Si;0;1-2 Miles;USA;47;Si
12472;Casado;Masculino;300;1;Bachiller;Cientifico;Si;1;2-5 Miles;Europa;39;No
12496;Casado;Femenino;400;1;Bachiller;Especialista;Si;0;0-1 Miles;Europa;42;No
12497;Casado;Femenino;400;1;Bachiller;Especialista;Si;0;0-1 Miles;Europa;42;No
12503;Soltero;Femenino;300;3;Uni_Imcompleta;Cientifico;Si;2;0-1 Miles;Europa;27;No
12507;Casado;Masculino;300;1;Uni_Imcompleta;Cientifico;Si;1;0-1 Miles;Europa;43;No
12510;Casado;Masculino;400;1;Bachiller;Especialista;Si;1;0-1 Miles;Europa;43;Si
12558;Casado;Femenino;200;1;Bachiller;Cientifico;Si;0;0-1 Miles;Europa;65;No
12568;Casado;Femenino;300;1;Bachiller;Cientifico;Si;0;0-1 Miles;Europa;64;No
12581;Soltero;Femenino;100;0;Uni_Imcompleta;Analista;No;1;0-1 Miles;Pacifico;28;Si
12585;Casado;Masculino;100;1;Maestro;Analista;Si;0;2-5 Miles;Pacifico;27;Si
12590;Soltero;Masculino;300;1;Bachiller;Cientifico;Si;0;0-1 Miles;Europa;63;No
12591;Casado;Femenino;300;4;Graduado;Cientifico;Si;0;0-1 Miles;Europa;45;No
12610;Casado;Femenino;300;1;Bachiller;Cientifico;Si;0;0-1 Miles;Europa;47;No
12629;Soltero;Masculino;200;1;Uni_Imcompleta;Analista;No;0;0-1 Miles;Europa;37;No
12663;Casado;Femenino;900;5;Maes_Incompleta;Especialista;Si;2;10+ Miles;Europa;59;No
12664;Casado;Femenino;1300;5;Uni_Imcompleta;Profesional;Si;4;0-1 Miles;Europa;59;No
12666;Soltero;Masculino;600;0;Bachiller;Profesional;No;4;2-5 Miles;Pacifico;31;No
12678;Soltero;Femenino;1300;4;Maestro;Administrador;Si;4;0-1 Miles;Pacifico;31;No
12697;Soltero;Femenino;900;0;Bachiller;Profesional;No;4;10+ Miles;Pacifico;36;No
12705;Casado;Masculino;1500;0;Bachiller;Administrador;Si;4;0-1 Miles;Pacifico;37;Si
12716;Soltero;Masculino;300;0;Uni_Imcompleta;Cientifico;Si;1;2-5 Miles;Europa;32;No
12718;Soltero;Femenino;300;0;Uni_Imcompleta;Cientifico;Si;1;2-5 Miles;Europa;31;No
12728;Soltero;Masculino;300;0;Uni_Imcompleta;Cientifico;No;1;1-2 Miles;Europa;27;No
12731;Soltero;Masculino;300;0;Maestro;Analista;No;1;1-2 Miles;Europa;32;No
12744;Soltero;Femenino;400;2;Uni_Imcompleta;Cientifico;Si;0;0-1 Miles;Europa;33;No
12768;Casado;Masculino;300;1;Maestro;Cientifico;Si;1;2-5 Miles;USA;52;Si
12774;Casado;Femenino;400;1;Uni_Imcompleta;Cientifico;Si;1;1-2 Miles;USA;51;Si
12808;Casado;Masculino;400;0;Bachiller;Cientifico;Si;0;0-1 Miles;Europa;38;Si
12821;Casado;Masculino;400;0;Bachiller;Cientifico;Si;0;0-1 Miles;Europa;39;No
12833;Soltero;Femenino;200;3;Maestro;Analista;Si;1;0-1 Miles;Europa;42;Si
12871;Soltero;Femenino;300;0;Uni_Imcompleta;Cientifico;No;1;2-5 Miles;Europa;29;No
12882;Casado;Masculino;500;1;Graduado;Especialista;Si;0;0-1 Miles;USA;33;Si
12922;Soltero;Femenino;600;3;Bachiller;Especialista;Si;0;2-5 Miles;USA;40;Si
12957;Soltero;Femenino;700;1;Bachiller;Profesional;No;1;0-1 Miles;USA;44;No
12964;Casado;Masculino;700;1;Uni_Imcompleta;Especialista;Si;1;0-1 Miles;USA;44;No
12993;Casado;Masculino;600;2;Bachiller;Profesional;Si;1;2-5 Miles;Pacifico;37;No
13066;Soltero;Masculino;300;0;Maestro;Especialista;No;2;1-2 Miles;USA;31;Si
13073;Casado;Femenino;600;0;Uni_Imcompleta;Profesional;Si;2;5-10 Miles;USA;30;No
13082;Soltero;Masculino;1300;0;Graduado;Administrador;Si;0;2-5 Miles;Pacifico;48;Si
13089;Casado;Femenino;1200;1;Bachiller;Administrador;Si;2;0-1 Miles;Pacifico;46;Si
13122;Casado;Femenino;800;0;Bachiller;Profesional;Si;1;1-2 Miles;Pacifico;41;Si
13133;Soltero;Masculino;1000;5;Bachiller;Profesional;Si;1;5-10 Miles;Pacifico;47;Si
13136;Casado;Femenino;300;2;Uni_Imcompleta;Cientifico;No;2;5-10 Miles;Pacifico;69;No
13151;Soltero;Masculino;400;0;Maestro;Especialista;Si;2;5-10 Miles;USA;27;No
13154;Casado;Masculino;400;0;Maestro;Especialista;No;2;0-1 Miles;USA;27;Si
13176;Soltero;Masculino;1300;0;Graduado;Administrador;No;2;0-1 Miles;USA;38;Si
13216;Casado;Femenino;600;5;Bachiller;Administrador;Si;3;10+ Miles;USA;59;No
13233;Casado;Masculino;600;2;Uni_Imcompleta;Profesional;Si;1;10+ Miles;USA;57;Si
13283;Casado;Masculino;800;3;Uni_Imcompleta;Profesional;No;2;0-1 Miles;USA;49;Si
13287;Soltero;Masculino;1100;4;Bachiller;Administrador;Si;4;5-10 Miles;USA;42;Si
13296;Casado;Masculino;1100;1;Bachiller;Administrador;Si;3;5-10 Miles;USA;45;No
13313;Casado;Femenino;1200;1;Maestro;Profesional;No;4;2-5 Miles;USA;45;No
13314;Casado;Masculino;1200;1;Maestro;Profesional;Si;4;5-10 Miles;USA;46;Si
13337;Casado;Femenino;800;5;Bachiller;Administrador;Si;2;5-10 Miles;USA;64;No
13343;Casado;Femenino;900;5;Bachiller;Administrador;Si;2;1-2 Miles;USA;63;Si
13351;Soltero;Femenino;700;4;Bachiller;Administrador;Si;2;1-2 Miles;USA;62;Si
13353;Soltero;Femenino;600;4;Graduado;Administrador;Si;2;10+ Miles;USA;61;Si
13382;Casado;Masculino;700;5;Uni_Imcompleta;Profesional;Si;2;1-2 Miles;USA;57;Si
13388;Soltero;Masculino;600;2;Uni_Imcompleta;Profesional;Si;1;10+ Miles;USA;56;No
13390;Casado;Femenino;700;4;Uni_Imcompleta;Profesional;No;1;1-2 Miles;USA;56;No
13415;Soltero;Masculino;1000;1;Graduado;Administrador;Si;3;2-5 Miles;USA;73;Si
13453;Casado;Femenino;1300;1;Bachiller;Administrador;Si;3;0-1 Miles;USA;45;Si
13466;Casado;Masculino;800;5;Uni_Imcompleta;Profesional;Si;3;1-2 Miles;USA;46;No
13507;Casado;Femenino;100;2;Uni_Imcompleta;Analista;Si;0;1-2 Miles;Europa;50;No
13572;Soltero;Masculino;100;3;Maestro;Analista;Si;0;0-1 Miles;Europa;37;Si
13585;Casado;Femenino;800;4;Uni_Imcompleta;Profesional;No;1;2-5 Miles;Europa;53;Si
13586;Casado;Masculino;800;4;Uni_Imcompleta;Profesional;Si;2;10+ Miles;Europa;53;No
13620;Soltero;Masculino;700;0;Bachiller;Profesional;No;3;10+ Miles;Pacifico;30;Si
13662;Soltero;Masculino;200;0;Maes_Incompleta;Analista;Si;2;1-2 Miles;Europa;31;Si
13673;Soltero;Femenino;200;0;Maes_Incompleta;Analista;No;2;0-1 Miles;Europa;25;No
13683;Soltero;Femenino;300;0;Maestro;Analista;No;1;2-5 Miles;Europa;32;No
13687;Casado;Masculino;400;1;Bachiller;Especialista;Si;1;0-1 Miles;Europa;33;Si
13690;Soltero;Femenino;200;0;Maes_Incompleta;Analista;No;2;1-2 Miles;Europa;34;Si
13714;Casado;Femenino;200;2;Maestro;Analista;No;2;1-2 Miles;USA;53;Si
13749;Casado;Masculino;800;4;Graduado;Especialista;Si;0;1-2 Miles;USA;47;No
13754;Soltero;Femenino;800;4;Graduado;Especialista;Si;0;1-2 Miles;USA;48;No
13760;Casado;Masculino;600;4;Graduado;Especialista;No;0;0-1 Miles;USA;47;No
13813;Casado;Femenino;300;3;Uni_Imcompleta;Cientifico;No;0;0-1 Miles;Europa;42;No
13826;Soltero;Femenino;300;0;Uni_Imcompleta;Cientifico;No;1;0-1 Miles;Europa;28;No
13873;Casado;Masculino;700;3;Graduado;Profesional;Si;0;0-1 Miles;USA;35;Si
13886;Casado;Femenino;700;4;Graduado;Profesional;Si;0;2-5 Miles;USA;35;Si
13907;Soltero;Femenino;800;3;Bachiller;Especialista;Si;1;0-1 Miles;USA;41;Si
13911;Soltero;Femenino;800;3;Bachiller;Especialista;Si;2;2-5 Miles;USA;41;Si
13920;Soltero;Femenino;500;4;Bachiller;Especialista;Si;2;0-1 Miles;USA;42;No
13934;Casado;Masculino;400;4;Maestro;Especialista;Si;2;2-5 Miles;USA;46;No
13942;Casado;Masculino;600;1;Uni_Imcompleta;Especialista;Si;1;0-1 Miles;USA;46;No
13961;Casado;Femenino;800;5;Graduado;Administrador;Si;3;0-1 Miles;Pacifico;40;No
13981;Casado;Femenino;100;5;Maestro;Especialista;No;3;1-2 Miles;Pacifico;62;No
14032;Casado;Masculino;700;2;Maestro;Especialista;No;2;1-2 Miles;Pacifico;50;Si
14058;Soltero;Masculino;700;0;Bachiller;Profesional;No;1;5-10 Miles;Pacifico;41;Si
14063;Soltero;Femenino;700;0;Bachiller;Profesional;No;1;0-1 Miles;Pacifico;42;Si
14077;Soltero;Masculino;300;0;Maestro;Especialista;Si;2;5-10 Miles;USA;30;No
14090;Casado;Femenino;300;0;Maes_Incompleta;Cientifico;No;2;0-1 Miles;USA;28;No
14092;Soltero;Masculino;300;0;Maes_Incompleta;Cientifico;Si;2;5-10 Miles;USA;28;No
14135;Casado;Masculino;200;1;Uni_Imcompleta;Analista;Si;0;1-2 Miles;Europa;63;No
14154;Casado;Masculino;300;0;Bachiller;Cientifico;Si;0;0-1 Miles;Europa;35;Si
14164;Soltero;Femenino;500;0;Graduado;Especialista;Si;0;0-1 Miles;Europa;36;Si
14177;Casado;Masculino;800;5;Uni_Imcompleta;Profesional;No;2;2-5 Miles;Europa;60;No
14189;Casado;Femenino;900;4;Maestro;Profesional;No;2;2-5 Miles;Europa;54;Si
14191;Casado;Masculino;1600;4;Uni_Imcompleta;Profesional;No;2;10+ Miles;Europa;55;Si
14192;Casado;Masculino;900;4;Maestro;Administrador;Si;3;5-10 Miles;Europa;56;Si
14193;Soltero;Femenino;1000;3;Uni_Imcompleta;Administrador;Si;4;10+ Miles;Europa;56;No
14233;Soltero;Masculino;1000;0;Maestro;Administrador;Si;3;10+ Miles;Pacifico;35;No
14238;Casado;Masculino;1200;0;Maes_Incompleta;Profesional;Si;4;10+ Miles;Pacifico;36;Si
14271;Casado;Masculino;300;0;Maestro;Especialista;Si;2;5-10 Miles;USA;32;No
14278;Casado;Femenino;1300;0;Graduado;Administrador;Si;1;10+ Miles;Pacifico;48;No
14284;Soltero;Masculino;600;0;Uni_Imcompleta;Profesional;No;2;1-2 Miles;USA;32;Si
14312;Casado;Femenino;600;1;Uni_Imcompleta;Especialista;Si;1;5-10 Miles;Pacifico;45;No
14332;Soltero;Femenino;300;0;Maestro;Especialista;No;2;5-10 Miles;USA;26;No
14347;Soltero;Femenino;400;2;Bachiller;Administrador;Si;2;5-10 Miles;Pacifico;65;Si
14389;Casado;Masculino;600;2;Bachiller;Administrador;Si;0;2-5 Miles;USA;59;No
14417;Soltero;Masculino;600;3;Maestro;Profesional;Si;2;10+ Miles;USA;54;Si
14432;Soltero;Masculino;900;4;Graduado;Administrador;Si;1;5-10 Miles;USA;73;No
14443;Casado;Masculino;1300;1;Graduado;Administrador;Si;4;0-1 Miles;USA;40;No
14469;Casado;Femenino;1000;3;Uni_Imcompleta;Profesional;Si;4;1-2 Miles;USA;45;No
14493;Soltero;Femenino;700;3;Graduado;Administrador;No;2;1-2 Miles;USA;53;No
14495;Casado;Masculino;400;3;Uni_Imcompleta;Profesional;No;2;5-10 Miles;USA;54;Si
14507;Casado;Masculino;1000;2;Graduado;Administrador;Si;3;1-2 Miles;USA;65;No
14514;Soltero;Femenino;300;0;Uni_Imcompleta;Especialista;Si;1;5-10 Miles;USA;26;No
14517;Casado;Femenino;200;3;Maestro;Especialista;No;2;1-2 Miles;Pacifico;62;No
14544;Soltero;Masculino;100;1;Uni_Imcompleta;Analista;Si;0;0-1 Miles;Europa;49;No
14545;Casado;Femenino;100;2;Uni_Imcompleta;Analista;Si;0;1-2 Miles;Europa;49;No
14547;Casado;Masculino;100;2;Uni_Imcompleta;Analista;Si;0;1-2 Miles;Europa;51;No
14554;Casado;Masculino;200;1;Bachiller;Cientifico;Si;0;0-1 Miles;Europa;66;No
14569;Casado;Masculino;600;1;Graduado;Profesional;Si;0;0-1 Miles;USA;35;No
14572;Casado;Femenino;700;3;Graduado;Profesional;Si;0;2-5 Miles;USA;35;Si
14592;Casado;Femenino;600;0;Graduado;Profesional;Si;0;0-1 Miles;USA;40;No
14602;Casado;Femenino;800;3;Graduado;Profesional;Si;0;0-1 Miles;USA;36;Si
14608;Casado;Masculino;500;4;Bachiller;Especialista;Si;3;10+ Miles;USA;42;No
14633;Casado;Masculino;600;1;Uni_Imcompleta;Especialista;Si;1;2-5 Miles;USA;44;No
14657;Casado;Masculino;800;1;Uni_Imcompleta;Especialista;No;1;0-1 Miles;USA;47;Si
14662;Casado;Masculino;600;1;Bachiller;Profesional;Si;1;0-1 Miles;USA;48;Si
14669;Casado;Femenino;800;4;Graduado;Administrador;Si;1;0-1 Miles;Pacifico;36;No
14682;Soltero;Femenino;700;0;Bachiller;Profesional;No;1;5-10 Miles;Pacifico;38;No
14696;Soltero;Masculino;100;0;Maes_Incompleta;Analista;No;2;0-1 Miles;Europa;34;No
14754;Casado;Masculino;400;1;Uni_Imcompleta;Cientifico;Si;1;1-2 Miles;USA;48;Si
14777;Casado;Femenino;400;0;Bachiller;Cientifico;Si;0;0-1 Miles;Europa;38;Si
14785;Soltero;Masculino;300;1;Bachiller;Cientifico;No;1;1-2 Miles;Europa;39;No
14791;Casado;Femenino;400;0;Bachiller;Cientifico;Si;0;0-1 Miles;Europa;39;Si
14798;Soltero;Femenino;100;4;Maes_Incompleta;Analista;Si;2;0-1 Miles;Europa;41;Si
14804;Soltero;Femenino;100;3;Maes_Incompleta;Analista;Si;2;0-1 Miles;Europa;43;No
14805;Soltero;Femenino;100;3;Maes_Incompleta;Analista;Si;2;0-1 Miles;Europa;43;No
14813;Soltero;Femenino;200;4;Maestro;Analista;Si;1;0-1 Miles;Europa;43;Si
14832;Casado;Masculino;400;1;Bachiller;Especialista;Si;0;0-1 Miles;Europa;42;Si
14865;Soltero;Masculino;400;2;Uni_Imcompleta;Cientifico;Si;2;1-2 Miles;Europa;36;No
14872;Casado;Masculino;300;0;Graduado;Especialista;Si;0;0-1 Miles;USA;32;No
14883;Casado;Femenino;300;1;Bachiller;Especialista;Si;1;5-10 Miles;USA;53;Si
14887;Casado;Femenino;300;1;Maestro;Cientifico;Si;1;5-10 Miles;USA;52;No
14900;Casado;Femenino;400;1;Uni_Imcompleta;Cientifico;Si;1;1-2 Miles;USA;49;Si
14913;Casado;Femenino;400;1;Uni_Imcompleta;Cientifico;Si;1;1-2 Miles;USA;48;Si
14914;Casado;Femenino;400;1;Uni_Imcompleta;Cientifico;Si;1;1-2 Miles;USA;49;Si
14926;Casado;Masculino;300;1;Bachiller;Cientifico;Si;0;0-1 Miles;Europa;38;Si
14927;Casado;Femenino;300;1;Bachiller;Cientifico;Si;0;0-1 Miles;Europa;37;Si
14939;Casado;Masculino;400;0;Bachiller;Cientifico;Si;0;0-1 Miles;Europa;39;Si
15019;Soltero;Femenino;300;3;Maestro;Especialista;Si;2;5-10 Miles;Pacifico;55;No
15030;Casado;Masculino;200;0;Bachiller;Cientifico;Si;0;0-1 Miles;Pacifico;26;Si
15194;Soltero;Masculino;1200;2;Bachiller;Administrador;No;3;0-1 Miles;USA;39;Si
15214;Soltero;Femenino;1000;0;Graduado;Administrador;No;1;1-2 Miles;Pacifico;39;Si
15255;Casado;Masculino;400;0;Maestro;Especialista;Si;2;5-10 Miles;USA;28;Si
15265;Soltero;Masculino;400;2;Bachiller;Administrador;Si;2;5-10 Miles;Pacifico;66;Si
15272;Soltero;Masculino;400;0;Maestro;Especialista;No;2;1-2 Miles;USA;30;No
15275;Casado;Masculino;400;0;Uni_Imcompleta;Especialista;Si;1;5-10 Miles;USA;29;No
15287;Soltero;Femenino;500;1;Graduado;Especialista;Si;0;1-2 Miles;USA;33;Si
15292;Soltero;Femenino;600;1;Graduado;Especialista;Si;0;1-2 Miles;USA;35;No
15302;Soltero;Femenino;700;1;Graduado;Profesional;Si;0;2-5 Miles;USA;34;Si
15313;Casado;Masculino;600;4;Bachiller;Administrador;Si;2;2-5 Miles;USA;59;No
15319;Casado;Femenino;700;4;Bachiller;Administrador;No;1;1-2 Miles;USA;59;No
15372;Casado;Masculino;800;3;Uni_Imcompleta;Profesional;No;2;2-5 Miles;USA;50;Si
15382;Casado;Femenino;1100;1;Bachiller;Administrador;Si;2;1-2 Miles;USA;44;No
15412;Casado;Masculino;1300;2;Graduado;Administrador;Si;3;2-5 Miles;USA;69;No
15450;Casado;Masculino;100;1;Graduado;Cientifico;Si;0;0-1 Miles;Europa;70;No
15465;Casado;Femenino;100;0;Uni_Imcompleta;Analista;No;1;0-1 Miles;Pacifico;25;No
15468;Casado;Femenino;500;1;Bachiller;Especialista;Si;1;0-1 Miles;USA;35;No
15501;Casado;Masculino;700;4;Graduado;Profesional;Si;0;2-5 Miles;USA;36;Si
15529;Casado;Masculino;600;4;Bachiller;Profesional;Si;2;2-5 Miles;USA;43;Si
15532;Soltero;Masculino;600;4;Bachiller;Profesional;Si;2;2-5 Miles;USA;43;Si
15555;Casado;Femenino;600;1;Uni_Imcompleta;Especialista;Si;1;2-5 Miles;USA;45;Si
15559;Casado;Masculino;600;5;Bachiller;Profesional;Si;1;2-5 Miles;USA;47;No
15580;Casado;Masculino;600;2;Bachiller;Profesional;Si;1;2-5 Miles;Pacifico;38;Si
15608;Soltero;Femenino;300;0;Uni_Imcompleta;Cientifico;No;1;2-5 Miles;Europa;33;No
15612;Soltero;Masculino;300;0;Maestro;Analista;No;1;1-2 Miles;Europa;28;No
15628;Casado;Femenino;400;1;Bachiller;Especialista;Si;1;0-1 Miles;Europa;89;No
15629;Soltero;Femenino;100;0;Maes_Incompleta;Analista;Si;2;1-2 Miles;Europa;34;No
15657;Casado;Masculino;300;3;Graduado;Cientifico;Si;0;0-1 Miles;Europa;46;Si
15665;Casado;Femenino;300;0;Bachiller;Cientifico;Si;0;0-1 Miles;Europa;47;Si
15682;Soltero;Femenino;800;5;Bachiller;Administrador;Si;2;10+ Miles;Europa;62;No
15740;Casado;Masculino;800;5;Bachiller;Administrador;Si;2;1-2 Miles;USA;64;No
15749;Soltero;Femenino;700;4;Bachiller;Administrador;Si;2;10+ Miles;USA;61;No
15752;Casado;Masculino;800;2;Maestro;Especialista;No;2;1-2 Miles;Pacifico;50;Si
15758;Casado;Masculino;1300;0;Graduado;Administrador;Si;0;5-10 Miles;Pacifico;48;No
15799;Casado;Femenino;900;1;Bachiller;Profesional;Si;1;2-5 Miles;Pacifico;47;Si
15814;Soltero;Femenino;400;0;Maestro;Especialista;Si;1;5-10 Miles;USA;30;No
15822;Casado;Masculino;400;2;Bachiller;Administrador;Si;2;0-1 Miles;Pacifico;67;No
15839;Soltero;Masculino;300;0;Uni_Imcompleta;Especialista;Si;1;5-10 Miles;USA;32;No
15862;Soltero;Femenino;500;0;Graduado;Especialista;Si;0;1-2 Miles;USA;33;Si
15879;Casado;Masculino;700;5;Bachiller;Administrador;Si;2;2-5 Miles;USA;61;No
15895;Soltero;Femenino;600;2;Bachiller;Administrador;Si;0;10+ Miles;USA;58;No
15922;Casado;Masculino;1500;2;Maestro;Profesional;Si;4;0-1 Miles;Europa;48;No
15926;Soltero;Femenino;1200;3;Maestro;Profesional;Si;4;5-10 Miles;Europa;50;Si
15940;Casado;Masculino;1000;4;Uni_Imcompleta;Profesional;Si;4;0-1 Miles;USA;40;No
15982;Casado;Masculino;1100;5;Uni_Imcompleta;Profesional;Si;4;2-5 Miles;USA;46;No
16007;Casado;Femenino;900;5;Bachiller;Administrador;Si;2;1-2 Miles;USA;66;Si
16009;Soltero;Masculino;1700;1;Graduado;Administrador;No;4;0-1 Miles;USA;66;No
16020;Casado;Masculino;400;0;Maestro;Especialista;Si;2;5-10 Miles;USA;28;Si
16043;Soltero;Masculino;100;1;Bachiller;Analista;Si;0;0-1 Miles;Europa;48;No
16112;Soltero;Masculino;700;4;Bachiller;Profesional;Si;2;2-5 Miles;USA;43;Si
16122;Casado;Masculino;400;4;Maestro;Especialista;Si;2;0-1 Miles;USA;44;Si
16144;Casado;Masculino;700;1;Graduado;Profesional;Si;1;0-1 Miles;USA;46;Si
16145;Soltero;Femenino;700;5;Graduado;Profesional;Si;3;10+ Miles;USA;46;Si
16151;Casado;Femenino;600;1;Bachiller;Profesional;Si;1;2-5 Miles;USA;48;Si
16154;Casado;Femenino;700;5;Bachiller;Profesional;Si;2;2-5 Miles;USA;47;No
16163;Soltero;Masculino;600;2;Bachiller;Profesional;Si;1;2-5 Miles;Pacifico;38;Si
16179;Soltero;Femenino;800;5;Bachiller;Profesional;Si;4;1-2 Miles;Pacifico;38;No
16185;Soltero;Masculino;600;4;Bachiller;Profesional;Si;3;10+ Miles;Pacifico;41;No
16188;Soltero;Femenino;200;0;Maes_Incompleta;Analista;No;2;1-2 Miles;Europa;26;No
16200;Soltero;Femenino;100;0;Maes_Incompleta;Analista;No;2;0-1 Miles;Europa;35;No
16209;Soltero;Femenino;500;0;Graduado;Especialista;Si;0;1-2 Miles;Europa;36;No
16217;Soltero;Femenino;600;0;Graduado;Especialista;Si;0;0-1 Miles;USA;39;No
16245;Soltero;Femenino;800;4;Graduado;Especialista;Si;0;1-2 Miles;USA;47;No
16247;Soltero;Femenino;600;4;Graduado;Especialista;Si;0;1-2 Miles;USA;47;No
16259;Soltero;Femenino;100;4;Maes_Incompleta;Analista;Si;2;0-1 Miles;Europa;40;Si
16337;Casado;Masculino;600;0;Uni_Imcompleta;Especialista;No;2;1-2 Miles;USA;29;No
16377;Soltero;Femenino;800;4;Graduado;Especialista;No;0;0-1 Miles;USA;47;No
16390;Soltero;Masculino;300;1;Bachiller;Cientifico;No;0;0-1 Miles;Europa;38;Si
16406;Casado;Masculino;400;0;Bachiller;Cientifico;No;0;0-1 Miles;Europa;38;Si
16410;Soltero;Femenino;100;4;Maes_Incompleta;Analista;Si;2;0-1 Miles;Europa;41;Si
16438;Casado;Femenino;100;0;Maes_Incompleta;Analista;No;2;0-1 Miles;Europa;30;No
16466;Soltero;Femenino;200;0;Maes_Incompleta;Analista;No;2;0-1 Miles;Europa;32;Si
16468;Soltero;Masculino;300;0;Uni_Imcompleta;Cientifico;Si;1;2-5 Miles;Europa;30;No
16487;Soltero;Femenino;300;3;Maestro;Especialista;Si;2;5-10 Miles;Pacifico;55;No
16489;Casado;Masculino;300;3;Maestro;Especialista;Si;2;5-10 Miles;Pacifico;55;No
16514;Soltero;Masculino;100;0;Uni_Imcompleta;Analista;Si;1;1-2 Miles;Pacifico;26;Si
16549;Soltero;Femenino;300;3;Bachiller;Cientifico;Si;0;0-1 Miles;Europa;47;Si
16559;Soltero;Femenino;100;2;Maestro;Analista;Si;0;0-1 Miles;Europa;36;Si
16614;Casado;Femenino;800;0;Bachiller;Profesional;Si;3;10+ Miles;Pacifico;32;No
16651;Casado;Femenino;1200;2;Bachiller;Administrador;Si;3;5-10 Miles;USA;62;No
16675;Soltero;Femenino;1600;0;Graduado;Administrador;No;3;0-1 Miles;Pacifico;47;Si
16713;Casado;Masculino;400;2;Bachiller;Administrador;Si;1;0-1 Miles;Pacifico;52;Si
16725;Casado;Masculino;300;0;Maestro;Especialista;Si;2;5-10 Miles;USA;26;No
16751;Casado;Masculino;600;0;Uni_Imcompleta;Especialista;Si;1;5-10 Miles;USA;32;Si
16753;Soltero;Femenino;700;0;Uni_Imcompleta;Especialista;Si;2;5-10 Miles;USA;34;Si
16773;Casado;Masculino;600;1;Graduado;Especialista;Si;0;0-1 Miles;USA;33;No
16791;Soltero;Masculino;600;5;Bachiller;Administrador;Si;3;10+ Miles;USA;59;Si
16795;Casado;Femenino;700;4;Bachiller;Administrador;Si;1;1-2 Miles;USA;59;No
16813;Casado;Masculino;600;2;Uni_Imcompleta;Profesional;Si;2;10+ Miles;USA;55;No
16867;Soltero;Femenino;1300;1;Bachiller;Administrador;No;3;0-1 Miles;USA;45;Si
16871;Casado;Femenino;900;2;Maestro;Profesional;Si;1;10+ Miles;USA;51;Si
16890;Casado;Masculino;600;3;Maes_Incompleta;Especialista;Si;2;5-10 Miles;USA;52;Si
16895;Casado;Femenino;400;3;Uni_Imcompleta;Profesional;No;2;1-2 Miles;USA;54;Si
16917;Casado;Masculino;1200;1;Bachiller;Administrador;Si;4;0-1 Miles;USA;38;No
17000;Soltero;Femenino;700;4;Bachiller;Especialista;Si;2;2-5 Miles;USA;43;Si
17012;Casado;Femenino;600;3;Graduado;Profesional;Si;0;2-5 Miles;USA;42;Si
17025;Soltero;Masculino;500;0;Uni_Imcompleta;Especialista;No;1;2-5 Miles;USA;39;Si
17048;Soltero;Femenino;900;1;Graduado;Administrador;Si;0;0-1 Miles;Pacifico;36;Si
17185;Casado;Femenino;1700;4;Uni_Imcompleta;Profesional;No;3;5-10 Miles;Europa;48;Si
17191;Soltero;Masculino;1300;3;Uni_Imcompleta;Profesional;No;3;0-1 Miles;Europa;51;Si
17197;Soltero;Femenino;900;5;Uni_Imcompleta;Profesional;Si;2;10+ Miles;Europa;62;No
17203;Casado;Femenino;1300;4;Uni_Imcompleta;Profesional;Si;4;5-10 Miles;Europa;61;Si
17230;Casado;Masculino;800;0;Bachiller;Profesional;Si;3;10+ Miles;Pacifico;30;No
17238;Soltero;Masculino;800;0;Bachiller;Profesional;Si;3;10+ Miles;Pacifico;32;No
17260;Casado;Masculino;900;5;Uni_Imcompleta;Profesional;Si;3;0-1 Miles;USA;41;No
17269;Soltero;Masculino;600;3;Bachiller;Profesional;No;0;0-1 Miles;USA;47;Si
17310;Casado;Masculino;600;1;Uni_Imcompleta;Especialista;Si;1;0-1 Miles;Pacifico;45;Si
17319;Soltero;Femenino;700;0;Bachiller;Profesional;No;1;5-10 Miles;Pacifico;42;No
17324;Casado;Femenino;1000;4;Bachiller;Profesional;Si;1;10+ Miles;Pacifico;46;No
17337;Soltero;Masculino;400;0;Maestro;Especialista;Si;1;5-10 Miles;USA;31;No
17352;Casado;Masculino;500;2;Graduado;Administrador;Si;1;5-10 Miles;Pacifico;64;Si
17369;Soltero;Masculino;300;0;Uni_Imcompleta;Especialista;Si;1;5-10 Miles;USA;27;No
17436;Casado;Masculino;600;2;Maestro;Profesional;No;2;1-2 Miles;USA;51;No
17450;Casado;Masculino;800;5;Uni_Imcompleta;Profesional;Si;3;5-10 Miles;USA;45;No
17458;Soltero;Masculino;700;3;Maestro;Profesional;Si;0;5-10 Miles;USA;52;Si
17462;Casado;Masculino;700;3;Graduado;Administrador;Si;2;5-10 Miles;USA;53;Si
17471;Soltero;Femenino;800;4;Graduado;Administrador;Si;2;5-10 Miles;USA;67;No
17482;Soltero;Femenino;400;0;Maes_Incompleta;Cientifico;Si;2;5-10 Miles;USA;29;No
17504;Soltero;Femenino;800;2;Uni_Imcompleta;Especialista;Si;2;5-10 Miles;Pacifico;52;Si
17519;Casado;Femenino;600;0;Uni_Imcompleta;Profesional;Si;2;5-10 Miles;USA;32;No
17522;Casado;Masculino;1200;4;Bachiller;Administrador;Si;1;2-5 Miles;Pacifico;47;No
17531;Casado;Masculino;600;2;Maestro;Profesional;No;2;5-10 Miles;USA;50;No
17533;Casado;Masculino;400;3;Uni_Imcompleta;Profesional;No;2;5-10 Miles;USA;73;Si
17541;Casado;Femenino;400;4;Maestro;Especialista;Si;2;2-5 Miles;USA;43;No
17546;Casado;Femenino;700;1;Uni_Imcompleta;Especialista;Si;1;0-1 Miles;USA;44;Si
17650;Soltero;Femenino;400;2;Uni_Imcompleta;Cientifico;Si;2;1-2 Miles;Europa;35;No
17654;Soltero;Femenino;400;3;Uni_Imcompleta;Cientifico;Si;1;1-2 Miles;USA;30;Si
17657;Casado;Masculino;400;4;Uni_Imcompleta;Cientifico;No;0;0-1 Miles;USA;30;No
17668;Soltero;Masculino;300;2;Maestro;Especialista;Si;2;1-2 Miles;USA;50;Si
17699;Casado;Masculino;600;1;Graduado;Especialista;No;0;0-1 Miles;USA;35;No
17702;Casado;Masculino;100;1;Graduado;Analista;Si;0;0-1 Miles;Europa;37;No
17703;Casado;Femenino;100;1;Graduado;Analista;Si;0;0-1 Miles;Europa;40;No
17754;Soltero;Femenino;300;3;Bachiller;Cientifico;Si;0;0-1 Miles;Europa;46;Si
17793;Casado;Femenino;400;0;Bachiller;Cientifico;Si;0;0-1 Miles;Europa;38;Si
17841;Soltero;Masculino;300;0;Uni_Imcompleta;Cientifico;No;1;0-1 Miles;Europa;29;Si
17843;Soltero;Femenino;100;0;Maes_Incompleta;Analista;No;2;0-1 Miles;Europa;32;No
17845;Soltero;Femenino;200;0;Maes_Incompleta;Analista;No;2;1-2 Miles;Europa;32;No
17848;Soltero;Masculino;300;0;Uni_Imcompleta;Cientifico;No;1;2-5 Miles;Europa;31;Si
17858;Casado;Masculino;400;4;Maestro;Especialista;Si;2;2-5 Miles;USA;44;Si
17864;Casado;Femenino;600;1;Uni_Imcompleta;Especialista;Si;1;2-5 Miles;USA;46;Si
17882;Casado;Masculino;200;1;Graduado;Cientifico;Si;0;0-1 Miles;Europa;44;No
17891;Casado;Femenino;100;2;Uni_Imcompleta;Analista;Si;1;0-1 Miles;Europa;50;Si
17894;Casado;Femenino;200;1;Bachiller;Cientifico;Si;0;0-1 Miles;Europa;50;Si
17907;Casado;Femenino;100;0;Uni_Imcompleta;Analista;Si;1;2-5 Miles;Pacifico;27;No
17926;Casado;Femenino;200;0;Bachiller;Cientifico;No;0;0-1 Miles;Pacifico;28;Si
17960;Casado;Femenino;400;0;Graduado;Cientifico;Si;0;0-1 Miles;Europa;35;Si
17964;Casado;Masculino;400;0;Graduado;Cientifico;Si;0;0-1 Miles;Europa;37;Si
17978;Casado;Masculino;400;0;Graduado;Cientifico;Si;0;0-1 Miles;Europa;37;Si
17994;Soltero;Masculino;200;2;Maestro;Analista;Si;2;0-1 Miles;Europa;42;No
18012;Casado;Femenino;400;1;Bachiller;Especialista;Si;0;0-1 Miles;Europa;41;No
18018;Soltero;Masculino;300;3;Uni_Imcompleta;Cientifico;Si;0;0-1 Miles;Europa;43;No
18050;Casado;Femenino;600;1;Uni_Imcompleta;Especialista;Si;1;0-1 Miles;USA;45;Si
18052;Casado;Femenino;600;1;Uni_Imcompleta;Especialista;Si;1;0-1 Miles;USA;45;Si
18058;Soltero;Femenino;200;3;Maestro;Especialista;Si;2;2-5 Miles;USA;78;No
18066;Soltero;Masculino;700;5;Bachiller;Administrador;Si;3;10+ Miles;USA;60;Si
18069;Casado;Masculino;700;5;Bachiller;Administrador;Si;4;10+ Miles;USA;60;No
18105;Casado;Femenino;600;2;Uni_Imcompleta;Profesional;Si;1;10+ Miles;USA;55;No
18140;Casado;Masculino;1300;3;Uni_Imcompleta;Profesional;No;3;5-10 Miles;Europa;51;Si
18144;Casado;Femenino;800;5;Bachiller;Administrador;Si;2;2-5 Miles;Europa;61;No
18145;Casado;Masculino;800;5;Bachiller;Administrador;No;2;2-5 Miles;Europa;62;No
18151;Soltero;Masculino;800;5;Uni_Imcompleta;Profesional;No;2;10+ Miles;Europa;59;No
18153;Casado;Femenino;1000;2;Bachiller;Administrador;Si;4;10+ Miles;Europa;59;No
18160;Casado;Masculino;1300;3;Maestro;Profesional;Si;4;5-10 Miles;Europa;51;Si
18172;Casado;Masculino;1300;4;Maestro;Profesional;Si;3;0-1 Miles;Europa;55;No
18253;Casado;Femenino;800;5;Graduado;Administrador;Si;3;0-1 Miles;Pacifico;40;No
18267;Casado;Masculino;600;3;Bachiller;Profesional;Si;2;5-10 Miles;Pacifico;43;No
18283;Soltero;Femenino;1000;0;Bachiller;Profesional;No;1;5-10 Miles;Pacifico;40;No
18294;Casado;Femenino;900;1;Bachiller;Profesional;Si;1;5-10 Miles;Pacifico;46;No
18299;Casado;Masculino;700;5;Uni_Imcompleta;Especialista;Si;2;5-10 Miles;Pacifico;44;No
18322;Soltero;Masculino;300;0;Maes_Incompleta;Cientifico;No;2;0-1 Miles;USA;26;No
18329;Soltero;Masculino;300;0;Maes_Incompleta;Cientifico;No;2;5-10 Miles;USA;27;No
18347;Soltero;Femenino;300;0;Uni_Imcompleta;Especialista;No;1;1-2 Miles;USA;31;No
18363;Casado;Masculino;400;0;Maestro;Especialista;Si;2;5-10 Miles;USA;28;Si
18390;Casado;Masculino;800;5;Uni_Imcompleta;Profesional;Si;2;0-1 Miles;USA;44;No
18391;Soltero;Femenino;800;5;Uni_Imcompleta;Profesional;Si;2;5-10 Miles;USA;44;No
18411;Casado;Masculino;600;2;Maestro;Profesional;No;2;5-10 Miles;USA;51;No
18423;Soltero;Masculino;800;2;Maes_Incompleta;Especialista;No;2;1-2 Miles;USA;52;No
18435;Soltero;Femenino;700;5;Graduado;Administrador;Si;2;10+ Miles;USA;67;Si
18484;Soltero;Masculino;800;2;Maestro;Especialista;No;2;1-2 Miles;Pacifico;50;Si
18491;Soltero;Femenino;700;2;Maestro;Profesional;Si;2;5-10 Miles;Pacifico;49;Si
18494;Casado;Masculino;1100;5;Bachiller;Administrador;Si;4;2-5 Miles;Pacifico;48;Si
18504;Casado;Masculino;700;2;Maes_Incompleta;Especialista;No;2;1-2 Miles;USA;49;No
18517;Casado;Masculino;1000;3;Bachiller;Administrador;Si;4;0-1 Miles;USA;41;No
18545;Casado;Masculino;400;4;Maestro;Profesional;No;2;10+ Miles;USA;61;Si
18560;Casado;Femenino;700;2;Graduado;Profesional;Si;0;2-5 Miles;USA;34;Si
18572;Casado;Femenino;600;0;Graduado;Profesional;Si;0;0-1 Miles;USA;39;No
18577;Casado;Femenino;600;0;Graduado;Profesional;Si;0;0-1 Miles;USA;40;No
18580;Casado;Femenino;600;2;Graduado;Profesional;Si;0;2-5 Miles;USA;36;Si
18594;Soltero;Femenino;800;3;Bachiller;Especialista;Si;3;10+ Miles;USA;40;Si
18607;Soltero;Femenino;600;4;Bachiller;Especialista;Si;2;2-5 Miles;USA;42;Si
18613;Soltero;Masculino;700;0;Bachiller;Profesional;No;1;2-5 Miles;USA;37;Si
18626;Soltero;Masculino;400;2;Uni_Imcompleta;Cientifico;Si;0;1-2 Miles;Europa;33;Si
18649;Soltero;Masculino;300;1;Maestro;Cientifico;Si;2;1-2 Miles;USA;51;Si
18674;Soltero;Femenino;800;4;Graduado;Especialista;No;0;0-1 Miles;USA;48;No
18711;Soltero;Femenino;700;5;Bachiller;Profesional;Si;4;10+ Miles;Pacifico;39;No
18740;Casado;Masculino;800;5;Bachiller;Profesional;No;1;0-1 Miles;Pacifico;47;Si
18752;Soltero;Femenino;400;0;Maestro;Especialista;Si;1;5-10 Miles;USA;31;No
18783;Soltero;Masculino;800;0;Bachiller;Administrador;No;1;0-1 Miles;USA;38;Si
18847;Casado;Femenino;600;2;Graduado;Administrador;Si;2;5-10 Miles;USA;70;No
18858;Soltero;Masculino;600;2;Maes_Incompleta;Especialista;Si;2;5-10 Miles;USA;52;Si
18891;Casado;Femenino;400;0;Uni_Imcompleta;Especialista;Si;2;5-10 Miles;USA;28;No
18910;Soltero;Masculino;300;0;Uni_Imcompleta;Especialista;Si;2;5-10 Miles;USA;30;No
18935;Casado;Femenino;1300;0;Graduado;Administrador;Si;3;1-2 Miles;USA;40;No
18949;Soltero;Masculino;700;3;Graduado;Administrador;Si;2;5-10 Miles;USA;74;Si
18952;Casado;Femenino;1000;4;Bachiller;Administrador;Si;4;0-1 Miles;USA;40;No
18976;Soltero;Masculino;400;4;Maestro;Profesional;Si;2;10+ Miles;USA;62;Si
19002;Casado;Femenino;600;2;Uni_Imcompleta;Profesional;Si;1;2-5 Miles;USA;57;Si
19012;Casado;Masculino;800;3;Bachiller;Administrador;Si;1;1-2 Miles;USA;56;No
19057;Casado;Femenino;1200;3;Bachiller;Administrador;No;2;10+ Miles;Europa;52;Si
19066;Casado;Masculino;1300;4;Uni_Imcompleta;Profesional;No;3;10+ Miles;Europa;54;No
19117;Soltero;Femenino;600;1;Graduado;Profesional;Si;0;2-5 Miles;USA;36;Si
19133;Soltero;Masculino;500;2;Bachiller;Especialista;Si;1;2-5 Miles;USA;38;Si
19143;Soltero;Femenino;800;3;Bachiller;Especialista;Si;2;2-5 Miles;USA;41;Si
19147;Casado;Masculino;400;0;Bachiller;Profesional;No;1;0-1 Miles;USA;42;No
19163;Casado;Femenino;700;4;Bachiller;Profesional;Si;2;0-1 Miles;USA;43;Si
19164;Soltero;Femenino;700;0;Bachiller;Profesional;No;1;2-5 Miles;USA;38;Si
19174;Soltero;Femenino;300;0;Maestro;Analista;No;1;2-5 Miles;Europa;32;Si
19183;Soltero;Masculino;100;0;Maes_Incompleta;Analista;Si;2;1-2 Miles;Europa;35;No
19193;Soltero;Masculino;400;2;Uni_Imcompleta;Cientifico;Si;0;1-2 Miles;Europa;35;Si
19217;Casado;Masculino;300;2;Maestro;Especialista;Si;2;1-2 Miles;USA;49;No
19223;Casado;Femenino;300;2;Maestro;Especialista;Si;2;1-2 Miles;USA;48;No
19228;Casado;Femenino;400;2;Uni_Imcompleta;Cientifico;Si;1;0-1 Miles;USA;48;No
19235;Casado;Femenino;500;0;Graduado;Especialista;Si;0;0-1 Miles;USA;34;No
19255;Soltero;Masculino;100;2;Uni_Imcompleta;Analista;Si;1;0-1 Miles;Europa;51;Si
19273;Casado;Femenino;200;2;Uni_Imcompleta;Analista;Si;0;0-1 Miles;Europa;63;No
19280;Casado;Masculino;200;2;Uni_Imcompleta;Analista;Si;1;0-1 Miles;Europa;48;Si
19291;Soltero;Femenino;100;2;Maestro;Analista;Si;0;0-1 Miles;Europa;35;No
19299;Casado;Femenino;500;0;Graduado;Especialista;Si;0;0-1 Miles;Europa;36;Si
19305;Soltero;Femenino;100;2;Maestro;Analista;Si;1;0-1 Miles;Europa;38;Si
19331;Soltero;Masculino;200;2;Maestro;Analista;Si;1;0-1 Miles;Europa;40;No
19364;Casado;Masculino;400;1;Bachiller;Especialista;Si;0;0-1 Miles;Europa;43;Si
19389;Soltero;Masculino;300;0;Uni_Imcompleta;Cientifico;No;1;2-5 Miles;Europa;28;No
19399;Soltero;Masculino;400;0;Bachiller;Profesional;No;1;2-5 Miles;USA;45;No
19413;Soltero;Masculino;600;3;Bachiller;Profesional;No;1;0-1 Miles;USA;47;Si
19441;Soltero;Masculino;400;0;Graduado;Cientifico;Si;0;0-1 Miles;Europa;37;Si
19442;Soltero;Masculino;500;0;Graduado;Especialista;Si;0;0-1 Miles;Europa;37;Si
19445;Casado;Femenino;100;2;Maestro;Analista;No;1;0-1 Miles;Europa;38;No
19461;Soltero;Femenino;100;4;Maes_Incompleta;Analista;Si;2;0-1 Miles;Europa;40;No
19475;Casado;Femenino;400;0;Bachiller;Profesional;No;0;0-1 Miles;Europa;40;Si
19477;Casado;Masculino;400;0;Bachiller;Profesional;Si;0;0-1 Miles;Europa;40;Si
19482;Casado;Masculino;300;1;Uni_Imcompleta;Cientifico;Si;1;0-1 Miles;Europa;44;Si
19487;Casado;Masculino;300;2;Uni_Imcompleta;Cientifico;No;2;0-1 Miles;Europa;42;No
19491;Soltero;Masculino;300;2;Uni_Imcompleta;Cientifico;Si;2;0-1 Miles;Europa;42;No
19508;Casado;Masculino;100;0;Maes_Incompleta;Analista;No;2;0-1 Miles;Europa;30;No
19543;Casado;Masculino;700;5;Graduado;Profesional;No;3;10+ Miles;USA;47;No
19562;Soltero;Femenino;600;2;Bachiller;Profesional;Si;1;2-5 Miles;Pacifico;37;Si
19608;Casado;Masculino;800;5;Bachiller;Profesional;Si;4;1-2 Miles;Pacifico;40;No
19618;Casado;Masculino;700;5;Uni_Imcompleta;Especialista;Si;2;0-1 Miles;Pacifico;44;No
19626;Casado;Masculino;700;5;Uni_Imcompleta;Especialista;Si;3;5-10 Miles;Pacifico;45;No
19634;Casado;Masculino;400;0;Maestro;Especialista;Si;1;5-10 Miles;USA;31;No
19650;Casado;Femenino;300;2;Uni_Imcompleta;Cientifico;No;2;0-1 Miles;Pacifico;67;No
19660;Casado;Masculino;800;4;Bachiller;Administrador;Si;0;0-1 Miles;USA;43;No
19661;Soltero;Masculino;900;4;Bachiller;Administrador;Si;1;1-2 Miles;USA;38;Si
19664;Soltero;Masculino;1000;3;Bachiller;Administrador;No;3;1-2 Miles;USA;38;No
19675;Casado;Masculino;200;4;Maestro;Especialista;Si;2;5-10 Miles;Pacifico;60;No
19731;Casado;Masculino;800;4;Graduado;Administrador;Si;2;5-10 Miles;USA;68;No
19741;Soltero;Femenino;800;4;Graduado;Administrador;Si;2;5-10 Miles;USA;65;No
19747;Casado;Masculino;500;4;Bachiller;Administrador;Si;2;10+ Miles;USA;63;No
19748;Casado;Masculino;200;4;Maestro;Especialista;No;2;1-2 Miles;Pacifico;60;No
19758;Soltero;Masculino;600;0;Uni_Imcompleta;Especialista;No;2;1-2 Miles;USA;29;No
19784;Casado;Femenino;800;2;Maestro;Especialista;Si;2;5-10 Miles;Pacifico;50;Si
19812;Soltero;Femenino;700;2;Uni_Imcompleta;Profesional;Si;0;5-10 Miles;USA;49;Si
19856;Casado;Femenino;600;4;Bachiller;Administrador;Si;2;2-5 Miles;USA;60;No
19884;Casado;Masculino;600;2;Maestro;Profesional;Si;2;2-5 Miles;USA;55;Si
19889;Soltero;Femenino;700;2;Maes_Incompleta;Especialista;No;2;2-5 Miles;USA;54;Si
19914;Casado;Masculino;800;5;Bachiller;Administrador;Si;2;2-5 Miles;Europa;62;No
20000;Casado;Masculino;600;1;Graduado;Profesional;Si;0;0-1 Miles;USA;35;Si
20053;Soltero;Masculino;400;2;Uni_Imcompleta;Cientifico;Si;0;0-1 Miles;Europa;34;No
20060;Soltero;Femenino;300;0;Maestro;Analista;No;1;2-5 Miles;Europa;34;Si
20076;Soltero;Femenino;100;2;Maestro;Analista;Si;2;1-2 Miles;USA;53;Si
20084;Casado;Masculino;200;2;Maestro;Analista;No;2;0-1 Miles;USA;53;No
20147;Casado;Femenino;300;1;Bachiller;Cientifico;Si;0;0-1 Miles;Europa;65;No
20171;Casado;Femenino;200;2;Uni_Imcompleta;Analista;Si;1;0-1 Miles;Europa;46;Si
20196;Casado;Masculino;600;1;Uni_Imcompleta;Especialista;Si;1;2-5 Miles;USA;45;Si
20228;Casado;Masculino;1000;0;Graduado;Administrador;Si;0;2-5 Miles;Pacifico;40;Si
20236;Soltero;Masculino;600;3;Bachiller;Profesional;No;2;0-1 Miles;Pacifico;43;Si
20277;Casado;Femenino;300;2;Uni_Imcompleta;Cientifico;No;2;0-1 Miles;Pacifico;69;No
20296;Soltero;Femenino;600;0;Uni_Imcompleta;Especialista;No;1;1-2 Miles;USA;33;Si
20310;Soltero;Masculino;600;0;Uni_Imcompleta;Especialista;Si;1;5-10 Miles;USA;27;Si
20339;Casado;Femenino;1300;1;Bachiller;Administrador;Si;4;2-5 Miles;USA;44;Si
20343;Casado;Femenino;900;4;Uni_Imcompleta;Profesional;Si;1;1-2 Miles;USA;45;No
20361;Casado;Masculino;500;2;Graduado;Administrador;Si;2;5-10 Miles;USA;69;No
20370;Casado;Masculino;700;3;Maes_Incompleta;Especialista;Si;2;5-10 Miles;USA;52;No
20376;Soltero;Femenino;700;3;Graduado;Administrador;Si;2;5-10 Miles;USA;52;Si
20380;Casado;Femenino;600;3;Graduado;Administrador;Si;2;10+ Miles;USA;69;No
20401;Casado;Femenino;500;4;Bachiller;Administrador;Si;2;1-2 Miles;USA;64;Si
20414;Casado;Femenino;600;0;Uni_Imcompleta;Especialista;Si;2;5-10 Miles;USA;29;No
20417;Casado;Masculino;300;3;Uni_Imcompleta;Cientifico;No;2;5-10 Miles;Pacifico;56;No
20421;Soltero;Femenino;400;0;Maes_Incompleta;Cientifico;Si;2;5-10 Miles;USA;26;No
20430;Casado;Masculino;700;2;Uni_Imcompleta;Especialista;Si;2;5-10 Miles;Pacifico;52;Si
20504;Casado;Femenino;400;5;Maestro;Profesional;No;2;2-5 Miles;USA;60;No
20505;Casado;Femenino;400;5;Maestro;Profesional;No;2;10+ Miles;USA;61;No
20514;Casado;Femenino;700;2;Uni_Imcompleta;Profesional;Si;1;2-5 Miles;USA;59;No
20518;Casado;Femenino;700;2;Uni_Imcompleta;Profesional;Si;1;10+ Miles;USA;58;No
20528;Casado;Masculino;400;2;Maes_Incompleta;Especialista;Si;2;2-5 Miles;USA;55;No
20535;Casado;Femenino;700;4;Uni_Imcompleta;Profesional;Si;1;10+ Miles;USA;56;No
20567;Casado;Masculino;1300;4;Uni_Imcompleta;Profesional;No;4;5-10 Miles;Europa;61;Si
20598;Casado;Masculino;1000;3;Maes_Incompleta;Profesional;Si;0;10+ Miles;Europa;59;Si
20606;Casado;Femenino;700;0;Bachiller;Profesional;Si;4;10+ Miles;Pacifico;32;Si
20619;Soltero;Masculino;800;0;Bachiller;Profesional;No;4;10+ Miles;Pacifico;35;No
20625;Casado;Masculino;1000;0;Maestro;Administrador;Si;3;10+ Miles;Pacifico;35;Si
20657;Soltero;Masculino;500;2;Bachiller;Especialista;Si;0;2-5 Miles;USA;37;Si
20659;Casado;Masculino;700;3;Graduado;Profesional;Si;0;0-1 Miles;USA;35;Si
20678;Soltero;Femenino;600;3;Bachiller;Especialista;Si;1;2-5 Miles;USA;40;Si
20698;Casado;Masculino;600;4;Bachiller;Especialista;Si;3;5-10 Miles;USA;42;No
20711;Casado;Femenino;400;1;Bachiller;Especialista;Si;0;1-2 Miles;Europa;32;Si
20729;Casado;Femenino;400;2;Uni_Imcompleta;Cientifico;No;1;0-1 Miles;Europa;34;No
20754;Casado;Masculino;300;2;Maestro;Especialista;Si;2;1-2 Miles;USA;51;No
20758;Casado;Masculino;300;2;Maestro;Especialista;Si;2;1-2 Miles;USA;50;No
20797;Casado;Femenino;100;1;Bachiller;Analista;Si;0;0-1 Miles;Europa;48;No
20828;Casado;Femenino;300;4;Graduado;Cientifico;Si;0;0-1 Miles;Europa;45;Si
20839;Soltero;Femenino;300;3;Graduado;Cientifico;Si;0;0-1 Miles;Europa;47;Si
20851;Soltero;Masculino;200;0;Uni_Imcompleta;Analista;No;1;2-5 Miles;Europa;36;Si
20870;Soltero;Femenino;100;2;Maestro;Analista;Si;1;0-1 Miles;Europa;38;Si
20877;Soltero;Masculino;300;1;Bachiller;Cientifico;Si;0;1-2 Miles;Europa;37;Si
20897;Casado;Femenino;300;1;Bachiller;Especialista;Si;2;0-1 Miles;Europa;40;No
20919;Soltero;Femenino;300;2;Uni_Imcompleta;Cientifico;Si;2;0-1 Miles;Europa;42;No
20923;Casado;Femenino;400;1;Bachiller;Especialista;Si;0;0-1 Miles;Europa;42;Si
20927;Soltero;Femenino;200;5;Maestro;Analista;Si;2;0-1 Miles;Europa;27;No
20942;Soltero;Femenino;200;0;Maestro;Analista;No;1;5-10 Miles;Europa;31;No
20946;Soltero;Femenino;300;0;Uni_Imcompleta;Cientifico;No;1;2-5 Miles;Europa;30;No
20962;Casado;Femenino;200;1;Graduado;Cientifico;Si;0;0-1 Miles;Europa;45;No
20970;Soltero;Masculino;100;2;Uni_Imcompleta;Analista;Si;1;0-1 Miles;Europa;52;Si
20974;Casado;Masculino;100;2;Bachiller;Cientifico;Si;1;0-1 Miles;Europa;66;No
20977;Casado;Masculino;200;1;Bachiller;Cientifico;Si;0;0-1 Miles;Europa;64;Si
20994;Casado;Femenino;200;0;Bachiller;Cientifico;No;0;0-1 Miles;Pacifico;26;Si
21006;Soltero;Femenino;200;1;Uni_Imcompleta;Analista;No;0;0-1 Miles;Europa;46;Si
21039;Soltero;Femenino;500;0;Graduado;Especialista;No;0;0-1 Miles;Europa;37;Si
21094;Soltero;Femenino;300;2;Uni_Imcompleta;Cientifico;Si;2;0-1 Miles;Europa;42;No
21108;Casado;Femenino;400;1;Bachiller;Especialista;Si;1;0-1 Miles;Europa;43;Si
21184;Soltero;Masculino;700;0;Bachiller;Profesional;No;1;5-10 Miles;Pacifico;38;No
21207;Casado;Masculino;600;1;Uni_Imcompleta;Especialista;Si;1;5-10 Miles;Pacifico;46;No
21213;Soltero;Masculino;700;0;Bachiller;Profesional;No;1;5-10 Miles;Pacifico;41;No
21260;Soltero;Femenino;400;0;Maestro;Especialista;Si;2;5-10 Miles;USA;30;No
21266;Soltero;Femenino;800;0;Bachiller;Administrador;Si;1;1-2 Miles;USA;34;Si
21306;Soltero;Masculino;600;2;Maestro;Profesional;Si;2;5-10 Miles;USA;51;No
21365;Casado;Femenino;100;2;Maes_Incompleta;Cientifico;Si;2;5-10 Miles;Pacifico;58;No
21375;Soltero;Masculino;200;2;Maes_Incompleta;Cientifico;Si;2;5-10 Miles;Pacifico;57;No
21417;Soltero;Femenino;600;0;Uni_Imcompleta;Profesional;No;2;1-2 Miles;USA;32;Si
21441;Casado;Masculino;500;4;Bachiller;Administrador;Si;2;10+ Miles;USA;64;No
21451;Casado;Femenino;400;4;Maestro;Profesional;Si;2;10+ Miles;USA;61;No
21471;Casado;Masculino;700;2;Uni_Imcompleta;Profesional;Si;1;10+ Miles;USA;59;No
21554;Soltero;Femenino;800;0;Bachiller;Profesional;No;3;10+ Miles;Pacifico;33;No
21557;Soltero;Femenino;1100;0;Uni_Imcompleta;Administrador;Si;3;10+ Miles;Pacifico;32;Si
21560;Casado;Masculino;1200;0;Maes_Incompleta;Profesional;Si;4;10+ Miles;Pacifico;32;Si
21561;Soltero;Masculino;900;0;Bachiller;Profesional;No;3;10+ Miles;Pacifico;34;Si
21564;Soltero;Femenino;800;0;Bachiller;Profesional;Si;4;10+ Miles;Pacifico;35;No
21568;Casado;Femenino;1000;0;Maestro;Administrador;Si;4;10+ Miles;Pacifico;34;Si
21583;Casado;Femenino;500;1;Bachiller;Especialista;Si;0;0-1 Miles;USA;34;Si
21587;Casado;Femenino;600;1;Graduado;Especialista;Si;0;2-5 Miles;USA;34;Si
21599;Casado;Femenino;600;1;Graduado;Profesional;Si;0;2-5 Miles;USA;36;Si
21613;Soltero;Masculino;500;2;Bachiller;Especialista;No;1;0-1 Miles;USA;39;Si
21660;Casado;Femenino;600;3;Graduado;Profesional;Si;0;2-5 Miles;USA;43;Si
21693;Soltero;Femenino;600;0;Graduado;Especialista;No;0;0-1 Miles;USA;40;No
21695;Casado;Masculino;600;0;Graduado;Especialista;Si;0;1-2 Miles;USA;39;Si
21713;Soltero;Masculino;800;5;Graduado;Especialista;No;0;0-1 Miles;USA;47;No
21714;Soltero;Femenino;800;5;Graduado;Especialista;No;0;0-1 Miles;USA;47;No
21717;Casado;Masculino;400;2;Uni_Imcompleta;Cientifico;Si;1;0-1 Miles;USA;47;No
21738;Casado;Masculino;200;1;Graduado;Cientifico;Si;0;0-1 Miles;Europa;43;No
21741;Casado;Femenino;700;3;Uni_Imcompleta;Profesional;Si;2;5-10 Miles;USA;50;Si
21751;Casado;Masculino;600;3;Graduado;Administrador;Si;2;1-2 Miles;USA;63;No
21752;Casado;Masculino;600;3;Graduado;Administrador;Si;2;10+ Miles;USA;64;No
21770;Casado;Masculino;600;4;Bachiller;Administrador;Si;2;10+ Miles;USA;60;No
21801;Casado;Femenino;700;4;Uni_Imcompleta;Profesional;Si;1;1-2 Miles;USA;55;No
21891;Casado;Femenino;1100;0;Maestro;Administrador;Si;3;10+ Miles;Pacifico;34;Si
21940;Casado;Masculino;900;5;Graduado;Profesional;Si;0;0-1 Miles;USA;47;Si
21974;Soltero;Femenino;700;0;Bachiller;Profesional;Si;1;5-10 Miles;Pacifico;42;Si
21980;Soltero;Femenino;600;1;Bachiller;Profesional;Si;1;5-10 Miles;Pacifico;44;Si
22005;Casado;Femenino;700;5;Uni_Imcompleta;Especialista;No;3;5-10 Miles;Pacifico;46;No
22006;Casado;Masculino;700;5;Uni_Imcompleta;Especialista;Si;3;5-10 Miles;Pacifico;46;No
22010;Soltero;Masculino;400;0;Maestro;Especialista;Si;2;5-10 Miles;USA;31;No
22014;Soltero;Masculino;300;0;Maestro;Especialista;Si;2;5-10 Miles;USA;26;No
22042;Casado;Femenino;700;0;Uni_Imcompleta;Especialista;Si;2;5-10 Miles;USA;34;Si
22046;Soltero;Femenino;800;0;Bachiller;Administrador;No;1;0-1 Miles;USA;38;Si
22050;Soltero;Masculino;900;4;Bachiller;Administrador;Si;1;1-2 Miles;USA;38;Si
22088;Casado;Femenino;1300;1;Bachiller;Administrador;Si;2;0-1 Miles;USA;45;Si
22118;Soltero;Femenino;700;3;Graduado;Administrador;Si;2;5-10 Miles;USA;53;Si
22127;Casado;Masculino;600;3;Graduado;Administrador;Si;2;1-2 Miles;USA;67;No
22155;Casado;Masculino;200;2;Maes_Incompleta;Cientifico;Si;2;5-10 Miles;Pacifico;58;No
22170;Casado;Femenino;300;3;Uni_Imcompleta;Cientifico;No;2;1-2 Miles;Pacifico;55;Si
22173;Casado;Femenino;300;3;Maestro;Especialista;No;2;1-2 Miles;Pacifico;54;Si
22174;Casado;Masculino;300;3;Maestro;Especialista;Si;2;5-10 Miles;Pacifico;54;Si
22175;Casado;Femenino;300;3;Maestro;Especialista;Si;2;5-10 Miles;Pacifico;53;Si
22204;Casado;Masculino;1100;4;Bachiller;Administrador;Si;3;2-5 Miles;Pacifico;48;No
22211;Casado;Masculino;600;0;Uni_Imcompleta;Profesional;Si;2;5-10 Miles;USA;32;No
22219;Casado;Femenino;600;2;Maestro;Profesional;Si;2;5-10 Miles;USA;49;No
22220;Casado;Masculino;600;2;Maestro;Profesional;No;2;1-2 Miles;USA;49;Si
22221;Casado;Masculino;600;2;Maestro;Profesional;No;2;1-2 Miles;USA;48;Si
22227;Casado;Femenino;600;2;Maestro;Profesional;Si;2;5-10 Miles;USA;50;No
22252;Soltero;Femenino;600;1;Graduado;Profesional;Si;0;2-5 Miles;USA;36;Si
22294;Soltero;Femenino;700;0;Bachiller;Profesional;No;1;2-5 Miles;USA;37;Si
22296;Casado;Masculino;700;0;Bachiller;Profesional;No;1;0-1 Miles;USA;38;No
22330;Casado;Masculino;500;0;Graduado;Especialista;Si;0;1-2 Miles;USA;32;Si
22381;Casado;Masculino;100;1;Graduado;Analista;Si;0;0-1 Miles;Europa;44;No
22399;Soltero;Masculino;100;0;Uni_Imcompleta;Analista;Si;1;1-2 Miles;Pacifico;26;Si
22400;Casado;Masculino;100;0;Uni_Imcompleta;Analista;No;1;0-1 Miles;Pacifico;26;Si
22402;Casado;Masculino;100;0;Uni_Imcompleta;Analista;Si;1;2-5 Miles;Pacifico;25;Si
22439;Casado;Femenino;300;0;Bachiller;Cientifico;Si;0;0-1 Miles;Europa;37;Si
22464;Casado;Masculino;400;0;Graduado;Cientifico;Si;0;0-1 Miles;Europa;37;Si
22496;Casado;Femenino;300;1;Bachiller;Especialista;Si;2;0-1 Miles;Europa;42;No
22500;Soltero;Masculino;400;0;Bachiller;Profesional;No;0;0-1 Miles;Europa;40;Si
22518;Soltero;Femenino;300;3;Uni_Imcompleta;Cientifico;No;2;0-1 Miles;Europa;27;Si
22527;Soltero;Femenino;200;0;Maestro;Analista;No;1;2-5 Miles;Europa;29;No
22538;Soltero;Femenino;100;0;Maes_Incompleta;Analista;Si;2;1-2 Miles;Europa;33;No
22610;Casado;Masculino;300;0;Bachiller;Cientifico;Si;0;0-1 Miles;Europa;35;Si
22633;Soltero;Femenino;400;0;Graduado;Cientifico;Si;0;0-1 Miles;Europa;37;Si
22634;Soltero;Femenino;400;0;Graduado;Cientifico;Si;0;0-1 Miles;Europa;38;Si
22636;Soltero;Femenino;400;0;Bachiller;Cientifico;No;0;0-1 Miles;Europa;38;Si
22672;Soltero;Femenino;300;2;Uni_Imcompleta;Cientifico;Si;0;0-1 Miles;Europa;43;No
22707;Soltero;Femenino;300;0;Uni_Imcompleta;Cientifico;No;1;2-5 Miles;Europa;30;No
22719;Soltero;Masculino;1100;3;Bachiller;Administrador;Si;4;2-5 Miles;USA;40;Si
22730;Casado;Masculino;700;5;Bachiller;Administrador;Si;2;10+ Miles;USA;63;No
22743;Casado;Femenino;400;5;Maestro;Profesional;Si;2;10+ Miles;USA;60;No
22821;Casado;Femenino;1300;3;Uni_Imcompleta;Profesional;Si;4;0-1 Miles;Europa;52;No
22830;Casado;Masculino;1200;4;Uni_Imcompleta;Administrador;Si;3;10+ Miles;Europa;56;No
22864;Casado;Masculino;900;2;Uni_Imcompleta;Profesional;No;0;5-10 Miles;USA;49;Si
22918;Soltero;Masculino;800;5;Graduado;Administrador;Si;3;0-1 Miles;Pacifico;40;No
22930;Casado;Masculino;900;4;Bachiller;Profesional;Si;0;1-2 Miles;Pacifico;38;Si
22931;Casado;Masculino;1000;5;Graduado;Administrador;No;1;1-2 Miles;Pacifico;78;Si
22936;Soltero;Femenino;600;1;Uni_Imcompleta;Especialista;No;1;0-1 Miles;Pacifico;45;Si
22971;Soltero;Femenino;300;0;Maestro;Especialista;No;2;0-1 Miles;USA;25;Si
22974;Casado;Femenino;300;2;Uni_Imcompleta;Cientifico;Si;2;5-10 Miles;Pacifico;69;No
22976;Soltero;Masculino;400;0;Maestro;Especialista;No;2;0-1 Miles;USA;28;Si
22983;Soltero;Femenino;300;0;Maes_Incompleta;Cientifico;Si;2;5-10 Miles;USA;27;No
22988;Casado;Femenino;400;2;Bachiller;Administrador;Si;2;5-10 Miles;Pacifico;66;Si
22994;Casado;Femenino;800;0;Bachiller;Administrador;Si;1;1-2 Miles;USA;34;Si
23027;Soltero;Masculino;1300;1;Bachiller;Administrador;No;4;0-1 Miles;USA;44;No
23041;Soltero;Femenino;700;4;Maestro;Profesional;Si;0;5-10 Miles;USA;50;Si
23089;Casado;Masculino;400;0;Uni_Imcompleta;Especialista;Si;1;5-10 Miles;USA;28;No
23105;Soltero;Masculino;400;3;Maes_Incompleta;Cientifico;No;2;5-10 Miles;Pacifico;52;Si
23144;Casado;Masculino;500;1;Bachiller;Especialista;Si;0;0-1 Miles;USA;34;Si
23158;Casado;Femenino;600;1;Graduado;Profesional;No;0;0-1 Miles;USA;35;Si
23195;Soltero;Masculino;500;3;Bachiller;Especialista;Si;2;2-5 Miles;USA;41;Si
23197;Casado;Masculino;500;3;Bachiller;Especialista;Si;2;2-5 Miles;USA;40;No
23200;Casado;Femenino;500;3;Bachiller;Especialista;Si;2;0-1 Miles;USA;41;No
23217;Soltero;Femenino;600;3;Graduado;Profesional;Si;0;2-5 Miles;USA;43;Si
23248;Casado;Femenino;100;2;Maestro;Analista;Si;2;1-2 Miles;USA;53;No
23256;Soltero;Masculino;300;1;Maestro;Cientifico;No;1;5-10 Miles;USA;52;No
23275;Casado;Masculino;300;2;Maestro;Especialista;Si;2;1-2 Miles;USA;49;No
23316;Soltero;Masculino;300;3;Uni_Imcompleta;Cientifico;No;2;1-2 Miles;Pacifico;59;Si
23333;Casado;Masculino;400;0;Uni_Imcompleta;Especialista;No;2;1-2 Miles;USA;30;No
23358;Casado;Masculino;600;0;Maestro;Profesional;Si;2;5-10 Miles;USA;32;Si
23368;Casado;Femenino;600;5;Bachiller;Especialista;Si;3;10+ Miles;USA;41;No
23376;Casado;Masculino;700;1;Bachiller;Profesional;Si;1;2-5 Miles;USA;44;Si
23378;Casado;Masculino;700;1;Uni_Imcompleta;Especialista;Si;1;2-5 Miles;USA;44;Si
23419;Soltero;Femenino;700;5;Bachiller;Profesional;Si;3;10+ Miles;Pacifico;39;No
23426;Soltero;Masculino;800;5;Graduado;Administrador;Si;3;0-1 Miles;Pacifico;40;No
23432;Soltero;Masculino;700;0;Bachiller;Profesional;Si;1;5-10 Miles;Pacifico;37;Si
23449;Casado;Masculino;600;2;Maestro;Profesional;Si;2;5-10 Miles;USA;48;No
23455;Soltero;Masculino;800;2;Maes_Incompleta;Especialista;No;2;1-2 Miles;USA;50;No
23459;Casado;Masculino;600;2;Maestro;Profesional;Si;2;5-10 Miles;USA;50;No
23461;Casado;Femenino;900;5;Uni_Imcompleta;Profesional;Si;3;2-5 Miles;USA;40;No
23479;Soltero;Masculino;900;0;Uni_Imcompleta;Profesional;No;2;0-1 Miles;USA;43;Si
23491;Soltero;Masculino;1000;3;Uni_Imcompleta;Profesional;No;4;1-2 Miles;USA;45;No
23513;Casado;Femenino;400;3;Uni_Imcompleta;Profesional;Si;2;5-10 Miles;USA;54;No
23542;Soltero;Masculino;600;1;Uni_Imcompleta;Especialista;No;1;0-1 Miles;Pacifico;45;Si
23549;Soltero;Masculino;300;0;Maestro;Especialista;Si;2;5-10 Miles;USA;30;No
23571;Casado;Femenino;400;2;Bachiller;Administrador;Si;2;0-1 Miles;Pacifico;66;Si
23586;Casado;Femenino;800;0;Bachiller;Administrador;Si;1;1-2 Miles;USA;34;Si
23608;Casado;Femenino;1500;3;Maestro;Profesional;Si;3;0-1 Miles;Europa;51;Si
23627;Soltero;Femenino;1000;3;Uni_Imcompleta;Administrador;No;4;5-10 Miles;Europa;56;No
23668;Casado;Femenino;400;4;Maestro;Profesional;Si;2;5-10 Miles;USA;59;Si
23672;Casado;Femenino;600;3;Graduado;Administrador;Si;2;1-2 Miles;USA;67;No
23704;Soltero;Masculino;400;5;Maestro;Profesional;Si;4;10+ Miles;USA;60;Si
23707;Soltero;Masculino;700;5;Bachiller;Administrador;Si;3;10+ Miles;USA;60;Si
23712;Soltero;Femenino;700;2;Bachiller;Administrador;Si;1;10+ Miles;USA;59;No
23731;Casado;Masculino;600;2;Maestro;Profesional;Si;2;2-5 Miles;USA;54;Si
23780;Soltero;Masculino;400;2;Uni_Imcompleta;Cientifico;No;2;0-1 Miles;Europa;36;Si
23797;Soltero;Masculino;200;3;Maes_Incompleta;Cientifico;No;2;0-1 Miles;USA;50;No
23801;Casado;Femenino;200;2;Maes_Incompleta;Cientifico;Si;2;0-1 Miles;USA;49;No
23818;Casado;Femenino;500;0;Graduado;Especialista;Si;0;1-2 Miles;USA;33;Si
23882;Soltero;Femenino;800;3;Graduado;Profesional;Si;0;0-1 Miles;USA;37;Si
23893;Casado;Masculino;500;3;Bachiller;Especialista;Si;3;10+ Miles;USA;41;No
23908;Soltero;Masculino;300;1;Bachiller;Cientifico;No;1;0-1 Miles;Europa;39;Si
23915;Casado;Masculino;200;2;Maestro;Analista;Si;2;0-1 Miles;Europa;42;No
23940;Casado;Masculino;400;1;Bachiller;Especialista;Si;1;0-1 Miles;Europa;44;Si
23962;Casado;Femenino;100;0;Maes_Incompleta;Analista;Si;2;1-2 Miles;Europa;32;No
23963;Casado;Masculino;100;0;Maes_Incompleta;Analista;No;2;0-1 Miles;Europa;33;No
23979;Soltero;Masculino;100;2;Uni_Imcompleta;Analista;No;0;0-1 Miles;Europa;50;No
23986;Casado;Femenino;200;1;Bachiller;Cientifico;Si;0;0-1 Miles;Europa;66;Si
23993;Soltero;Femenino;100;0;Uni_Imcompleta;Analista;No;1;0-1 Miles;Pacifico;26;Si
24061;Casado;Masculino;100;4;Maes_Incompleta;Analista;Si;1;0-1 Miles;Europa;40;Si
24065;Soltero;Femenino;200;2;Maestro;Analista;Si;0;0-1 Miles;Europa;40;Si
24093;Soltero;Femenino;800;0;Graduado;Especialista;No;0;0-1 Miles;Europa;40;Si
24107;Casado;Masculino;300;3;Uni_Imcompleta;Cientifico;Si;1;0-1 Miles;Europa;43;No
24119;Soltero;Masculino;300;0;Uni_Imcompleta;Cientifico;No;1;2-5 Miles;Europa;29;No
24121;Soltero;Femenino;300;0;Uni_Imcompleta;Cientifico;No;1;0-1 Miles;Europa;29;Si
24140;Soltero;Masculino;100;0;Graduado;Analista;No;0;0-1 Miles;Europa;30;Si
24149;Casado;Masculino;100;2;Uni_Imcompleta;Analista;Si;0;1-2 Miles;Europa;49;No
24151;Soltero;Masculino;200;1;Bachiller;Cientifico;No;0;0-1 Miles;Europa;51;No
24174;Casado;Masculino;200;0;Bachiller;Cientifico;Si;0;0-1 Miles;Pacifico;27;Si
24185;Soltero;Femenino;100;1;Maestro;Analista;No;1;1-2 Miles;Europa;45;No
24187;Soltero;Femenino;300;3;Graduado;Cientifico;No;0;0-1 Miles;Europa;46;Si
24201;Casado;Femenino;100;2;Maestro;Analista;Si;0;0-1 Miles;Europa;37;Si
24273;Casado;Femenino;200;2;Maes_Incompleta;Cientifico;Si;2;5-10 Miles;Pacifico;55;Si
24279;Soltero;Masculino;400;2;Uni_Imcompleta;Especialista;No;2;1-2 Miles;Pacifico;52;No
24305;Soltero;Masculino;1000;1;Bachiller;Administrador;No;3;0-1 Miles;Pacifico;46;Si
24322;Casado;Femenino;600;4;Bachiller;Especialista;Si;2;0-1 Miles;USA;42;No
24324;Soltero;Femenino;600;4;Bachiller;Especialista;Si;2;2-5 Miles;USA;41;Si
24357;Casado;Masculino;600;3;Bachiller;Profesional;Si;1;2-5 Miles;USA;48;Si
24369;Casado;Femenino;800;5;Graduado;Administrador;No;2;0-1 Miles;Pacifico;39;No
24381;Soltero;Masculino;700;0;Bachiller;Profesional;Si;1;5-10 Miles;Pacifico;41;Si
24397;Soltero;Masculino;1200;2;Bachiller;Administrador;No;4;1-2 Miles;USA;40;No
24398;Casado;Masculino;1300;1;Graduado;Administrador;Si;4;0-1 Miles;USA;41;No
24416;Casado;Masculino;900;4;Maestro;Profesional;Si;2;1-2 Miles;USA;45;No
24433;Casado;Masculino;700;3;Maestro;Profesional;No;1;1-2 Miles;USA;52;Si
24466;Casado;Femenino;600;1;Uni_Imcompleta;Especialista;Si;1;5-10 Miles;Pacifico;46;Si
24485;Soltero;Masculino;400;2;Bachiller;Administrador;No;1;5-10 Miles;Pacifico;52;Si
24496;Soltero;Femenino;400;0;Maestro;Especialista;No;2;0-1 Miles;USA;28;Si
24514;Casado;Masculino;400;0;Uni_Imcompleta;Especialista;Si;1;5-10 Miles;USA;30;No
24584;Soltero;Masculino;600;0;Bachiller;Profesional;No;3;2-5 Miles;Pacifico;31;No
24611;Soltero;Masculino;900;0;Bachiller;Profesional;No;4;10+ Miles;Pacifico;35;Si
24637;Casado;Masculino;400;4;Maestro;Profesional;Si;2;10+ Miles;USA;64;No
24643;Soltero;Femenino;600;4;Bachiller;Administrador;Si;2;10+ Miles;USA;63;No
24725;Casado;Femenino;400;3;Uni_Imcompleta;Cientifico;Si;0;1-2 Miles;USA;31;No
24738;Casado;Femenino;400;1;Uni_Imcompleta;Cientifico;Si;1;1-2 Miles;USA;51;Si
24745;Soltero;Femenino;300;2;Maestro;Especialista;No;2;0-1 Miles;USA;49;No
24801;Soltero;Masculino;600;1;Graduado;Profesional;Si;0;2-5 Miles;USA;35;Si
24842;Soltero;Femenino;900;3;Maestro;Profesional;No;1;2-5 Miles;Europa;51;No
24857;Casado;Femenino;1300;3;Maestro;Profesional;Si;4;0-1 Miles;Europa;52;No
24871;Soltero;Femenino;900;4;Maestro;Administrador;No;3;5-10 Miles;Europa;56;No
24898;Soltero;Femenino;800;0;Bachiller;Profesional;Si;3;10+ Miles;Pacifico;32;No
24901;Soltero;Masculino;1100;0;Uni_Imcompleta;Administrador;No;3;10+ Miles;Pacifico;32;Si
24941;Casado;Masculino;600;3;Bachiller;Administrador;Si;2;10+ Miles;USA;66;No
24943;Casado;Masculino;600;3;Bachiller;Administrador;Si;2;10+ Miles;USA;66;No
24955;Soltero;Masculino;300;5;Maes_Incompleta;Especialista;Si;3;10+ Miles;USA;60;Si
24958;Soltero;Femenino;400;5;Maestro;Profesional;No;3;2-5 Miles;USA;60;Si
24979;Casado;Femenino;600;2;Uni_Imcompleta;Profesional;Si;2;2-5 Miles;USA;57;Si
24981;Casado;Masculino;600;2;Uni_Imcompleta;Profesional;Si;2;10+ Miles;USA;56;No
25006;Soltero;Femenino;300;0;Uni_Imcompleta;Especialista;Si;1;5-10 Miles;USA;28;No
25026;Casado;Masculino;200;2;Maes_Incompleta;Cientifico;Si;3;5-10 Miles;Pacifico;54;No
25041;Soltero;Masculino;400;0;Maestro;Especialista;Si;2;5-10 Miles;USA;31;No
25058;Casado;Masculino;1000;1;Bachiller;Administrador;Si;3;2-5 Miles;Pacifico;47;No
25065;Casado;Masculino;700;2;Maes_Incompleta;Especialista;Si;2;5-10 Miles;USA;48;No
25074;Casado;Femenino;700;4;Bachiller;Profesional;Si;2;2-5 Miles;USA;42;Si
25101;Casado;Masculino;600;5;Bachiller;Profesional;Si;1;2-5 Miles;USA;47;No
25148;Casado;Masculino;600;2;Maestro;Profesional;No;2;1-2 Miles;USA;48;Si
25184;Soltero;Masculino;1100;1;Uni_Imcompleta;Profesional;Si;4;5-10 Miles;USA;45;Si
25241;Casado;Masculino;900;2;Bachiller;Profesional;Si;1;5-10 Miles;Pacifico;47;No
25261;Casado;Masculino;400;0;Maestro;Especialista;Si;2;5-10 Miles;USA;27;No
25266;Soltero;Femenino;300;2;Uni_Imcompleta;Cientifico;No;2;5-10 Miles;Pacifico;67;No
25293;Casado;Masculino;800;4;Bachiller;Administrador;Si;0;1-2 Miles;USA;42;No
25303;Soltero;Masculino;300;0;Maestro;Analista;Si;1;2-5 Miles;Europa;33;Si
25307;Casado;Femenino;400;1;Bachiller;Especialista;Si;1;1-2 Miles;Europa;32;Si
25313;Soltero;Masculino;100;0;Maes_Incompleta;Analista;No;2;1-2 Miles;Europa;35;No
25323;Casado;Masculino;400;2;Uni_Imcompleta;Cientifico;Si;1;1-2 Miles;Europa;35;Si
25329;Soltero;Femenino;400;3;Uni_Imcompleta;Cientifico;No;2;0-1 Miles;USA;32;No
25343;Soltero;Femenino;200;3;Maes_Incompleta;Cientifico;Si;2;1-2 Miles;USA;50;No
25347;Soltero;Femenino;200;3;Maes_Incompleta;Cientifico;No;2;0-1 Miles;USA;49;No
25375;Casado;Masculino;500;1;Graduado;Especialista;Si;0;1-2 Miles;USA;34;No
25394;Casado;Masculino;600;1;Graduado;Profesional;Si;0;2-5 Miles;USA;34;Si
25405;Casado;Masculino;700;2;Bachiller;Especialista;Si;1;2-5 Miles;USA;38;Si
25419;Soltero;Masculino;500;2;Bachiller;Especialista;No;1;0-1 Miles;USA;38;Si
25458;Casado;Masculino;200;1;Maestro;Analista;No;1;1-2 Miles;Europa;40;Si
25460;Casado;Femenino;200;2;Maestro;Analista;Si;0;0-1 Miles;Europa;40;Si
25502;Casado;Femenino;400;1;Bachiller;Especialista;Si;0;0-1 Miles;Europa;43;Si
25512;Soltero;Masculino;200;0;Maestro;Analista;No;1;2-5 Miles;Europa;30;No
25529;Soltero;Masculino;100;1;Graduado;Analista;Si;0;0-1 Miles;Europa;44;No
25553;Casado;Masculino;300;1;Bachiller;Cientifico;Si;0;0-1 Miles;Europa;65;Si
25555;Casado;Femenino;100;0;Uni_Imcompleta;Analista;No;1;0-1 Miles;Pacifico;26;Si
25559;Soltero;Masculino;200;0;Bachiller;Cientifico;Si;0;0-1 Miles;Pacifico;25;Si
25597;Soltero;Masculino;300;0;Bachiller;Cientifico;No;0;0-1 Miles;Europa;36;Si
25598;Casado;Femenino;400;0;Graduado;Cientifico;Si;0;0-1 Miles;Europa;36;Si
25605;Soltero;Femenino;200;2;Uni_Imcompleta;Analista;No;1;0-1 Miles;Europa;54;Si
25649;Soltero;Femenino;300;3;Uni_Imcompleta;Cientifico;Si;0;0-1 Miles;Europa;42;Si
25651;Casado;Masculino;400;1;Bachiller;Especialista;No;0;0-1 Miles;Europa;43;Si
25665;Soltero;Femenino;200;0;Maestro;Analista;No;1;1-2 Miles;Europa;28;No
25681;Soltero;Femenino;300;0;Uni_Imcompleta;Cientifico;No;1;2-5 Miles;Europa;31;Si
25693;Soltero;Femenino;300;5;Graduado;Cientifico;Si;0;0-1 Miles;Europa;44;Si
25752;Soltero;Femenino;200;2;Uni_Imcompleta;Analista;No;1;0-1 Miles;Europa;53;Si
25792;Soltero;Femenino;1100;3;Bachiller;Administrador;Si;4;10+ Miles;Europa;53;No
25872;Soltero;Femenino;700;2;Bachiller;Administrador;No;1;2-5 Miles;USA;58;Si
25886;Casado;Femenino;600;2;Uni_Imcompleta;Profesional;Si;2;2-5 Miles;USA;56;Si
25898;Casado;Femenino;700;2;Maestro;Profesional;Si;2;2-5 Miles;USA;53;No
25899;Casado;Femenino;700;2;Maestro;Profesional;Si;2;10+ Miles;USA;53;No
25906;Soltero;Femenino;100;5;Maestro;Especialista;No;2;1-2 Miles;Pacifico;62;No
25908;Casado;Femenino;600;0;Uni_Imcompleta;Especialista;No;1;1-2 Miles;USA;27;No
25909;Casado;Masculino;600;0;Uni_Imcompleta;Especialista;Si;1;5-10 Miles;USA;27;Si
25918;Soltero;Femenino;300;2;Uni_Imcompleta;Cientifico;No;2;5-10 Miles;Pacifico;60;Si
25923;Soltero;Masculino;100;2;Maes_Incompleta;Cientifico;Si;2;5-10 Miles;Pacifico;58;No
25940;Soltero;Masculino;200;2;Maes_Incompleta;Cientifico;Si;2;5-10 Miles;Pacifico;55;Si
25943;Soltero;Femenino;700;0;Uni_Imcompleta;Especialista;No;2;0-1 Miles;USA;27;Si
25954;Casado;Masculino;600;0;Uni_Imcompleta;Especialista;No;2;1-2 Miles;USA;31;No
25970;Soltero;Femenino;600;4;Bachiller;Especialista;No;2;0-1 Miles;USA;41;Si
25983;Casado;Masculino;700;0;Bachiller;Profesional;No;1;0-1 Miles;USA;43;No
26012;Casado;Masculino;800;1;Uni_Imcompleta;Especialista;Si;1;2-5 Miles;USA;48;Si
26032;Casado;Femenino;700;5;Bachiller;Profesional;Si;4;10+ Miles;Pacifico;41;No
26065;Soltero;Femenino;1100;3;Bachiller;Administrador;No;4;1-2 Miles;USA;42;No
26139;Soltero;Masculino;600;1;Uni_Imcompleta;Especialista;Si;1;5-10 Miles;Pacifico;45;No
26150;Soltero;Femenino;700;0;Bachiller;Profesional;No;1;0-1 Miles;Pacifico;41;Si
26154;Casado;Masculino;600;1;Uni_Imcompleta;Especialista;Si;1;5-10 Miles;Pacifico;43;Si
26167;Soltero;Femenino;400;2;Bachiller;Administrador;No;1;5-10 Miles;Pacifico;53;Si
26219;Casado;Femenino;400;1;Bachiller;Especialista;Si;1;1-2 Miles;Europa;33;Si
26236;Casado;Femenino;400;3;Uni_Imcompleta;Cientifico;Si;1;0-1 Miles;USA;31;No
26238;Soltero;Femenino;400;3;Uni_Imcompleta;Cientifico;Si;1;1-2 Miles;USA;31;Si
26248;Casado;Masculino;200;3;Maes_Incompleta;Cientifico;No;2;0-1 Miles;USA;52;No
26270;Soltero;Femenino;200;2;Maes_Incompleta;Cientifico;Si;2;1-2 Miles;USA;49;No
26298;Casado;Femenino;500;1;Bachiller;Especialista;Si;0;2-5 Miles;USA;34;Si
26305;Soltero;Femenino;600;2;Bachiller;Especialista;No;0;0-1 Miles;USA;36;Si
26327;Casado;Masculino;700;4;Graduado;Profesional;Si;0;2-5 Miles;USA;36;Si
26341;Casado;Femenino;700;5;Graduado;Profesional;Si;2;0-1 Miles;USA;37;No
26354;Soltero;Masculino;400;0;Graduado;Cientifico;No;0;0-1 Miles;Europa;38;Si
26385;Soltero;Masculino;1200;3;Maestro;Profesional;No;4;5-10 Miles;Europa;50;No
26412;Casado;Femenino;800;5;Maestro;Administrador;No;3;5-10 Miles;Europa;56;No
26415;Casado;Femenino;900;4;Maes_Incompleta;Especialista;Si;4;10+ Miles;Europa;58;No
26452;Soltero;Masculino;500;3;Graduado;Administrador;Si;2;10+ Miles;USA;69;No
26490;Soltero;Masculino;700;2;Bachiller;Administrador;No;1;2-5 Miles;USA;59;Si
26495;Soltero;Femenino;400;2;Maestro;Profesional;Si;2;10+ Miles;USA;57;No
26547;Soltero;Femenino;300;2;Uni_Imcompleta;Cientifico;No;2;5-10 Miles;Pacifico;60;Si
26575;Soltero;Femenino;400;0;Maestro;Especialista;No;2;1-2 Miles;USA;31;Si
26576;Casado;Femenino;600;0;Uni_Imcompleta;Especialista;Si;2;5-10 Miles;USA;31;No
26582;Casado;Masculino;600;0;Uni_Imcompleta;Especialista;Si;2;5-10 Miles;USA;33;Si
26597;Soltero;Femenino;600;4;Bachiller;Especialista;No;2;0-1 Miles;USA;42;No
26625;Soltero;Femenino;600;0;Graduado;Profesional;Si;1;2-5 Miles;USA;38;Si
26651;Soltero;Masculino;800;4;Graduado;Administrador;Si;0;0-1 Miles;Pacifico;36;Si
26654;Casado;Femenino;900;1;Graduado;Administrador;Si;0;0-1 Miles;Pacifico;37;Si
26663;Soltero;Femenino;600;2;Bachiller;Profesional;No;1;0-1 Miles;Pacifico;39;Si
26678;Soltero;Femenino;800;2;Maes_Incompleta;Especialista;Si;2;5-10 Miles;USA;49;No
26693;Casado;Masculino;700;3;Uni_Imcompleta;Profesional;Si;1;5-10 Miles;USA;49;No
26728;Soltero;Masculino;700;3;Graduado;Administrador;No;2;1-2 Miles;USA;53;Si
26757;Soltero;Masculino;900;1;Bachiller;Profesional;Si;1;2-5 Miles;Pacifico;47;Si
26765;Soltero;Femenino;700;5;Uni_Imcompleta;Especialista;Si;2;5-10 Miles;Pacifico;45;No
26778;Soltero;Femenino;400;0;Maestro;Especialista;Si;2;5-10 Miles;USA;31;No
26796;Soltero;Masculino;400;2;Bachiller;Administrador;Si;2;5-10 Miles;Pacifico;65;Si
26818;Soltero;Masculino;100;3;Maestro;Analista;Si;1;0-1 Miles;Europa;39;Si
26829;Casado;Femenino;400;0;Bachiller;Cientifico;Si;0;0-1 Miles;Europa;38;Si
26849;Casado;Masculino;100;3;Maes_Incompleta;Analista;Si;2;0-1 Miles;Europa;43;No
26852;Casado;Femenino;200;3;Maestro;Analista;Si;2;0-1 Miles;Europa;43;No
26863;Soltero;Masculino;200;0;Maestro;Analista;No;1;2-5 Miles;Europa;28;No
26879;Soltero;Femenino;200;0;Maestro;Analista;No;1;2-5 Miles;Europa;30;No
26886;Soltero;Femenino;300;0;Uni_Imcompleta;Cientifico;No;1;0-1 Miles;Europa;29;Si
26928;Soltero;Masculino;300;1;Bachiller;Cientifico;Si;0;0-1 Miles;Europa;62;Si
26941;Casado;Masculino;300;0;Bachiller;Cientifico;Si;0;0-1 Miles;Europa;47;Si
26944;Soltero;Masculino;100;2;Maestro;Analista;Si;0;0-1 Miles;Europa;36;Si
26956;Soltero;Femenino;200;0;Uni_Imcompleta;Analista;No;1;2-5 Miles;Europa;36;Si
26984;Casado;Masculino;400;1;Bachiller;Especialista;Si;1;0-1 Miles;Europa;32;Si
27040;Casado;Masculino;200;2;Maes_Incompleta;Cientifico;Si;2;1-2 Miles;USA;49;No
27074;Casado;Femenino;700;1;Graduado;Especialista;Si;0;0-1 Miles;USA;35;Si
27090;Casado;Femenino;600;1;Graduado;Profesional;Si;0;2-5 Miles;USA;37;Si
27165;Soltero;Masculino;200;0;Maes_Incompleta;Analista;No;2;0-1 Miles;Europa;34;No
27169;Soltero;Masculino;300;0;Maestro;Analista;Si;1;2-5 Miles;Europa;34;Si
27183;Soltero;Masculino;400;2;Uni_Imcompleta;Cientifico;Si;1;1-2 Miles;Europa;35;Si
27184;Soltero;Masculino;400;2;Uni_Imcompleta;Cientifico;No;1;0-1 Miles;Europa;34;No
27190;Casado;Femenino;400;3;Uni_Imcompleta;Cientifico;Si;1;1-2 Miles;USA;32;No
27198;Soltero;Femenino;800;0;Graduado;Especialista;No;0;0-1 Miles;USA;40;No
27218;Casado;Femenino;200;2;Maes_Incompleta;Cientifico;No;2;0-1 Miles;USA;48;No
27261;Casado;Masculino;400;1;Bachiller;Especialista;No;1;0-1 Miles;USA;36;Si
27273;Soltero;Masculino;700;3;Graduado;Profesional;No;0;0-1 Miles;USA;35;Si
27279;Soltero;Femenino;700;2;Bachiller;Especialista;Si;0;2-5 Miles;USA;38;Si
27304;Soltero;Femenino;1100;2;Uni_Imcompleta;Profesional;No;3;5-10 Miles;Europa;48;No
27388;Casado;Masculino;600;3;Bachiller;Administrador;No;2;1-2 Miles;USA;66;No
27393;Casado;Femenino;500;4;Bachiller;Administrador;Si;2;10+ Miles;USA;63;No
27434;Soltero;Masculino;700;4;Uni_Imcompleta;Profesional;Si;1;10+ Miles;USA;56;No
27441;Casado;Masculino;600;3;Maestro;Profesional;No;2;2-5 Miles;USA;53;No
27494;Soltero;Femenino;400;2;Uni_Imcompleta;Especialista;No;2;1-2 Miles;Pacifico;53;Si
27505;Soltero;Femenino;400;0;Maestro;Especialista;Si;2;5-10 Miles;USA;30;No
27540;Soltero;Femenino;700;0;Bachiller;Profesional;No;1;0-1 Miles;USA;37;Si
27582;Soltero;Femenino;900;2;Bachiller;Profesional;No;0;0-1 Miles;Pacifico;36;Si
27585;Casado;Femenino;900;2;Bachiller;Profesional;No;0;0-1 Miles;Pacifico;36;Si
27637;Soltero;Femenino;1000;1;Uni_Imcompleta;Profesional;No;3;1-2 Miles;USA;44;No
27638;Soltero;Masculino;1000;1;Uni_Imcompleta;Profesional;No;3;1-2 Miles;USA;44;No
27643;Soltero;Masculino;700;5;Uni_Imcompleta;Profesional;Si;3;2-5 Miles;USA;44;No
27650;Casado;Masculino;700;4;Maestro;Profesional;Si;0;5-10 Miles;USA;51;No
27660;Casado;Masculino;800;4;Graduado;Administrador;Si;2;5-10 Miles;USA;70;No
27673;Soltero;Femenino;600;3;Graduado;Administrador;Si;2;5-10 Miles;USA;53;Si
27696;Casado;Masculino;600;1;Bachiller;Profesional;Si;1;5-10 Miles;Pacifico;43;Si
27731;Casado;Masculino;400;0;Maestro;Especialista;Si;2;5-10 Miles;USA;27;No
27740;Casado;Femenino;400;0;Maestro;Especialista;Si;2;5-10 Miles;USA;27;No
27745;Soltero;Masculino;400;2;Bachiller;Administrador;Si;2;5-10 Miles;Pacifico;63;Si
27753;Casado;Masculino;400;0;Maestro;Especialista;No;2;1-2 Miles;USA;30;No
27756;Soltero;Femenino;500;3;Bachiller;Especialista;No;1;0-1 Miles;USA;40;No
27760;Soltero;Femenino;400;0;Graduado;Cientifico;No;0;0-1 Miles;Europa;37;Si
27771;Soltero;Masculino;300;1;Bachiller;Cientifico;Si;1;1-2 Miles;Europa;39;Si
27775;Soltero;Femenino;400;0;Bachiller;Cientifico;No;0;0-1 Miles;Europa;38;Si
27803;Soltero;Femenino;300;2;Uni_Imcompleta;Cientifico;No;0;0-1 Miles;Europa;43;No
27814;Soltero;Femenino;300;3;Uni_Imcompleta;Cientifico;No;1;0-1 Miles;Europa;26;No
27824;Soltero;Femenino;300;3;Uni_Imcompleta;Cientifico;Si;2;0-1 Miles;Europa;28;Si
27832;Soltero;Femenino;300;0;Uni_Imcompleta;Cientifico;No;1;2-5 Miles;Europa;30;No
27835;Casado;Masculino;200;0;Maes_Incompleta;Analista;Si;2;0-1 Miles;Europa;32;No
27878;Soltero;Masculino;200;0;Uni_Imcompleta;Analista;No;0;0-1 Miles;Pacifico;28;Si
27941;Casado;Femenino;800;4;Uni_Imcompleta;Profesional;Si;2;2-5 Miles;Europa;53;No
27951;Soltero;Masculino;800;4;Uni_Imcompleta;Profesional;No;2;2-5 Miles;Europa;54;Si
27969;Casado;Masculino;800;0;Bachiller;Profesional;Si;2;10+ Miles;Pacifico;29;Si
27974;Soltero;Masculino;1600;2;Maestro;Administrador;Si;4;0-1 Miles;Pacifico;33;Si
27994;Casado;Femenino;400;4;Maestro;Profesional;Si;2;5-10 Miles;USA;69;No
28004;Casado;Femenino;600;3;Bachiller;Administrador;Si;2;10+ Miles;USA;66;No
28026;Casado;Femenino;400;2;Maestro;Profesional;No;2;2-5 Miles;USA;59;No
28031;Soltero;Femenino;700;2;Bachiller;Administrador;No;1;2-5 Miles;USA;59;Si
28043;Casado;Femenino;600;2;Bachiller;Administrador;Si;0;10+ Miles;USA;56;No
28052;Casado;Masculino;600;2;Maestro;Profesional;Si;2;10+ Miles;USA;55;No
28056;Casado;Masculino;700;2;Maes_Incompleta;Especialista;Si;2;10+ Miles;USA;53;No
28066;Casado;Masculino;800;2;Graduado;Profesional;Si;0;0-1 Miles;USA;37;Si
28068;Soltero;Femenino;800;3;Graduado;Profesional;No;0;0-1 Miles;USA;36;Si
28087;Soltero;Femenino;400;0;Uni_Imcompleta;Especialista;No;1;1-2 Miles;USA;27;No
28090;Casado;Masculino;400;0;Uni_Imcompleta;Especialista;Si;1;5-10 Miles;USA;27;No
28102;Casado;Masculino;200;4;Maestro;Especialista;Si;2;5-10 Miles;Pacifico;58;Si
28192;Casado;Femenino;700;5;Graduado;Profesional;Si;3;10+ Miles;USA;46;No
28207;Casado;Masculino;800;4;Graduado;Administrador;Si;1;0-1 Miles;Pacifico;36;Si
28228;Soltero;Femenino;800;2;Maes_Incompleta;Especialista;No;2;1-2 Miles;USA;50;No
28269;Soltero;Femenino;1300;1;Bachiller;Administrador;No;1;2-5 Miles;USA;45;No
28278;Casado;Masculino;500;2;Graduado;Administrador;Si;2;5-10 Miles;USA;71;No
28319;Soltero;Femenino;600;1;Uni_Imcompleta;Especialista;No;1;0-1 Miles;Pacifico;46;Si
28323;Soltero;Masculino;700;0;Bachiller;Profesional;No;2;5-10 Miles;Pacifico;43;Si
28379;Casado;Masculino;300;1;Bachiller;Especialista;Si;2;0-1 Miles;Europa;40;No
28380;Soltero;Femenino;100;5;Maes_Incompleta;Analista;No;2;0-1 Miles;Europa;41;No
28395;Soltero;Masculino;400;0;Bachiller;Profesional;No;0;0-1 Miles;Europa;39;Si
28412;Soltero;Masculino;200;0;Maestro;Analista;No;1;2-5 Miles;Europa;29;No
28436;Soltero;Masculino;300;0;Uni_Imcompleta;Cientifico;No;1;0-1 Miles;Europa;30;Si
28468;Casado;Femenino;100;2;Uni_Imcompleta;Analista;Si;0;1-2 Miles;Europa;51;No
28488;Soltero;Masculino;200;0;Uni_Imcompleta;Analista;Si;0;0-1 Miles;Pacifico;28;Si
28521;Soltero;Masculino;400;0;Graduado;Cientifico;No;0;0-1 Miles;Europa;36;Si
28564;Soltero;Femenino;400;2;Uni_Imcompleta;Cientifico;Si;0;1-2 Miles;Europa;33;Si
28580;Casado;Femenino;800;0;Graduado;Especialista;Si;0;1-2 Miles;USA;40;Si
28609;Casado;Masculino;300;2;Maestro;Especialista;No;2;0-1 Miles;USA;49;No
28625;Soltero;Masculino;400;2;Uni_Imcompleta;Cientifico;No;1;1-2 Miles;USA;47;Si
28657;Soltero;Masculino;600;2;Bachiller;Especialista;Si;0;2-5 Miles;USA;36;Si
28667;Soltero;Masculino;700;2;Bachiller;Especialista;No;1;0-1 Miles;USA;37;Si
28672;Soltero;Masculino;700;4;Graduado;Profesional;Si;0;2-5 Miles;USA;35;Si
28683;Soltero;Femenino;100;1;Maestro;Analista;No;1;5-10 Miles;Europa;35;Si
28729;Soltero;Femenino;200;0;Maes_Incompleta;Analista;Si;2;1-2 Miles;Europa;26;Si
28758;Casado;Masculino;400;2;Uni_Imcompleta;Cientifico;Si;1;1-2 Miles;Europa;35;Si
28799;Soltero;Femenino;400;2;Uni_Imcompleta;Cientifico;No;1;1-2 Miles;USA;47;Si
28815;Casado;Femenino;500;1;Graduado;Especialista;Si;0;0-1 Miles;USA;35;No
28858;Soltero;Masculino;800;3;Bachiller;Especialista;Si;0;2-5 Miles;USA;40;No
28906;Casado;Masculino;800;4;Maestro;Profesional;Si;2;10+ Miles;Europa;54;No
28915;Soltero;Masculino;800;5;Maestro;Administrador;Si;3;10+ Miles;Europa;57;No
28918;Casado;Femenino;1300;4;Maestro;Administrador;No;4;10+ Miles;Europa;58;No
28957;Soltero;Femenino;1200;0;Maes_Incompleta;Profesional;Si;4;10+ Miles;Pacifico;34;Si
28972;Soltero;Femenino;600;3;Graduado;Administrador;Si;2;10+ Miles;USA;66;No
28997;Soltero;Masculino;400;2;Maestro;Profesional;No;1;2-5 Miles;USA;58;Si
29030;Casado;Masculino;700;2;Maes_Incompleta;Especialista;Si;2;10+ Miles;USA;54;No
29037;Casado;Masculino;600;0;Graduado;Profesional;No;0;0-1 Miles;USA;39;No
29048;Soltero;Masculino;1100;2;Bachiller;Administrador;No;3;0-1 Miles;USA;37;Si
29052;Soltero;Masculino;400;0;Uni_Imcompleta;Especialista;Si;1;5-10 Miles;USA;27;No
29094;Casado;Masculino;300;3;Maestro;Especialista;Si;2;5-10 Miles;Pacifico;54;Si
29097;Soltero;Femenino;400;2;Uni_Imcompleta;Especialista;Si;2;5-10 Miles;Pacifico;52;Si
29106;Soltero;Masculino;400;0;Maestro;Especialista;No;2;1-2 Miles;USA;31;Si
29112;Soltero;Masculino;600;0;Uni_Imcompleta;Profesional;No;2;1-2 Miles;USA;30;No
29117;Soltero;Masculino;1000;1;Bachiller;Administrador;No;3;0-1 Miles;Pacifico;48;No
29120;Soltero;Femenino;1000;1;Bachiller;Administrador;Si;4;2-5 Miles;Pacifico;48;No
29132;Soltero;Femenino;400;0;Bachiller;Profesional;Si;1;2-5 Miles;USA;42;Si
29133;Soltero;Femenino;600;4;Bachiller;Especialista;No;2;0-1 Miles;USA;42;No
29134;Casado;Masculino;600;4;Bachiller;Especialista;No;3;10+ Miles;USA;42;No
29143;Soltero;Femenino;600;1;Bachiller;Profesional;No;1;0-1 Miles;USA;44;Si
29181;Soltero;Femenino;600;2;Bachiller;Profesional;No;1;0-1 Miles;Pacifico;38;Si
29191;Soltero;Femenino;1300;1;Graduado;Administrador;No;1;0-1 Miles;Pacifico;36;Si
29231;Soltero;Femenino;800;4;Uni_Imcompleta;Profesional;No;2;0-1 Miles;USA;43;No
29237;Soltero;Femenino;1200;4;Uni_Imcompleta;Profesional;Si;3;5-10 Miles;USA;43;Si
29243;Soltero;Masculino;1100;1;Bachiller;Administrador;Si;1;5-10 Miles;USA;43;No
29255;Soltero;Masculino;800;3;Uni_Imcompleta;Profesional;No;1;1-2 Miles;USA;51;Si
29298;Soltero;Femenino;600;1;Uni_Imcompleta;Especialista;Si;1;5-10 Miles;Pacifico;46;Si
29301;Casado;Masculino;800;5;Bachiller;Profesional;Si;4;1-2 Miles;Pacifico;40;No
29337;Soltero;Masculino;300;2;Uni_Imcompleta;Cientifico;Si;2;5-10 Miles;Pacifico;68;No
29355;Casado;Femenino;400;0;Graduado;Cientifico;Si;0;0-1 Miles;Europa;37;Si
29380;Casado;Femenino;200;3;Maestro;Analista;Si;0;0-1 Miles;Europa;41;Si
29424;Casado;Masculino;100;0;Maes_Incompleta;Analista;Si;2;0-1 Miles;Europa;32;No
29447;Soltero;Femenino;100;2;Bachiller;Cientifico;No;1;2-5 Miles;Europa;68;No
